date,age_0_17_deaths,age_18_49_deaths,age_50_64_deaths,age_65_deaths,gender_female_deaths,gender_male_deaths,race_white_deaths,race_other_deaths,race_multirace_deaths,race_latino_deaths,race_hawaiian_deaths,race_black_deaths,race_asian_deaths,race_american_deaths
4/22/20,0,99,223,1074,552,839,442,23,3,406,15,149,224,5
4/23/20,0,107,234,1148,593,891,485,35,3,447,16,157,237,7
4/24/20,0,112,246,1215,625,944,512,35,4,476,17,165,250,7
4/25/20,0,117,254,1276,657,986,536,40,4,502,17,170,266,7
4/26/20,0,119,258,1299,664,1007,543,40,4,514,18,173,271,7
4/27/20,0,120,265,1336,688,1028,582,36,4,555,18,177,283,7
4/28/20,0,126,284,1399,725,1079,613,33,5,589,17,186,292,7
4/29/20,0,131,292,1467,764,1121,633,33,7,620,19,196,308,7
4/30/20,0,137,308,1543,812,1171,655,32,7,657,18,201,324,7
5/1/20,0,139,322,1622,858,1220,683,36,8,681,18,211,336,7
5/2/20,0,139,331,1668,887,1246,721,35,8,704,20,214,345,7
5/3/20,0,139,335,1704,905,1268,730,36,8,720,20,216,355,7
5/4/20,0,141,342,1738,929,1287,744,36,8,740,20,220,361,7
5/5/20,0,145,353,1826,990,1330,766,39,9,784,21,230,371,8
5/6/20,0,150,370,1891,1039,1368,794,41,10,819,21,238,384,8
5/7/20,0,153,386,1953,1061,1427,818,42,11,850,24,246,393,8
5/8/20,0,156,395,2024,1101,1470,848,39,11,875,24,252,401,8
5/9/20,0,162,405,2089,1144,1509,891,36,14,914,24,264,417,8
5/10/20,0,163,412,2115,1161,1526,897,36,14,924,24,266,421,8
5/11/20,0,167,418,2166,1187,1561,914,36,14,946,24,271,425,9
5/12/20,0,169,440,2236,1230,1612,937,42,13,984,25,280,432,9
5/13/20,0,176,445,2304,1267,1655,961,39,13,1022,25,285,437,10
5/14/20,0,183,459,2386,1315,1710,991,40,13,1060,28,292,452,11
5/15/20,0,185,468,2465,1363,1752,1021,38,18,1110,28,304,461,13
5/16/20,0,187,475,2516,1397,1778,1039,40,20,1137,28,311,468,14
5/17/20,0,189,481,2546,1412,1800,1080,36,21,1173,28,321,472,14
5/18/20,0,190,483,2577,1426,1820,1096,35,21,1187,27,323,475,14
5/19/20,0,195,509,2670,1483,1887,1125,38,23,1235,27,335,496,14
5/20/20,0,198,522,2731,1521,1926,1158,36,23,1271,27,344,508,14
5/21/20,0,203,536,2805,1562,1978,1180,37,23,1308,27,353,514,15
5/22/20,0,203,544,2842,1584,2000,1195,38,23,1329,28,357,520,14
5/23/20,0,204,556,2885,1608,2033,1228,35,24,1357,28,360,528,14
5/24/20,0,206,560,2899,1616,2045,1232,35,24,1367,28,362,531,14
5/25/20,0,208,560,2911,1620,2054,1236,35,24,1373,28,363,533,14
5/26/20,0,210,564,2933,1631,2071,1241,35,24,1383,28,369,539,14
5/27/20,0,218,579,3019,1682,2129,1260,40,25,1434,29,377,551,14
5/28/20,0,222,599,3083,1725,2173,1289,39,25,1465,30,383,563,14
5/29/20,0,228,618,3139,1759,2220,1317,36,24,1506,29,389,577,14
5/30/20,0,230,627,3186,1784,2253,1333,32,26,1545,28,397,591,14
5/31/20,0,231,636,3213,1797,2277,1344,33,26,1563,29,399,595,14
6/1/20,0,235,642,3250,1816,2305,1369,30,26,1582,30,408,601,14
6/2/20,0,248,662,3321,1866,2359,1395,32,26,1631,31,414,613,14
6/3/20,0,250,671,3377,1894,2398,1416,33,27,1665,33,424,619,13
6/4/20,0,257,686,3425,1921,2441,1432,33,28,1692,19,431,644,13
6/5/20,0,261,696,3478,1947,2482,1457,33,29,1715,20,432,652,13
6/6/20,0,269,709,3523,1979,2516,1475,38,29,1747,21,439,661,13
6/7/20,0,271,715,3542,1991,2531,1481,37,29,1757,21,442,668,13
6/8/20,0,274,721,3564,2008,2545,1500,37,29,1787,20,442,675,13
6/9/20,0,280,741,3642,2047,2609,1524,39,31,1837,21,451,684,13
6/10/20,0,291,756,3721,2094,2669,1553,40,32,1888,21,454,691,14
6/11/20,0,295,771,3765,2126,2700,1582,39,33,1912,23,458,697,14
6/12/20,0,296,778,3804,2146,2727,1594,34,33,1941,24,458,709,13
6/13/20,0,304,792,3864,2184,2772,1632,35,35,1985,23,470,722,14
6/14/20,0,307,798,3874,2189,2786,1639,36,36,1992,23,471,724,14
6/15/20,0,308,801,3892,2197,2800,1646,36,36,2004,23,474,726,14
6/16/20,0,312,812,3939,2226,2833,1660,40,36,2029,23,479,734,14
6/17/20,0,317,825,3999,2260,2877,1687,39,35,2057,21,484,745,15
6/18/20,0,320,841,4088,2307,2937,1712,47,36,2085,22,491,758,15
6/19/20,0,322,851,4144,2328,2984,1739,45,36,2115,22,495,765,15
6/20/20,0,326,868,4207,2368,3028,1779,47,37,2170,22,501,774,15
6/21/20,0,327,875,4222,2372,3047,1784,47,37,2182,22,502,774,16
6/22/20,0,328,880,4236,2384,3055,1787,47,37,2192,22,506,778,16
6/23/20,0,332,889,4277,2397,3095,1783,50,37,2225,22,511,785,18
6/24/20,0,336,909,4357,2445,3151,1807,51,38,2265,24,519,805,18
6/25/20,0,344,932,4440,2500,3210,1844,52,37,2309,24,527,813,17
6/26/20,0,347,944,4494,2524,3255,1864,57,37,2336,22,534,823,18
6/27/20,0,349,954,4506,2531,3272,1868,57,34,2348,22,533,831,18
6/28/20,0,350,964,4535,2554,3289,1857,57,27,2380,21,544,843,22
6/29/20,0,351,967,4558,2566,3304,1871,54,27,2415,23,551,848,22
6/30/20,0,355,985,4637,2607,3363,1902,64,27,2456,23,556,855,22
7/1/20,0,361,1002,4695,2644,3407,1923,67,28,2500,23,561,859,22
7/2/20,0,369,1023,4791,2701,3475,1957,68,34,2546,25,570,875,23
7/3/20,0,375,1036,4835,2731,3508,1970,68,34,2575,25,572,879,23
7/4/20,0,378,1038,4848,2740,3517,1971,70,34,2588,25,572,880,23
7/5/20,0,384,1044,4872,2759,3534,1992,70,34,2625,25,575,883,23
7/6/20,0,392,1053,4916,2785,3569,2006,71,34,2660,25,577,886,23
7/7/20,0,410,1069,4995,2831,3636,2026,76,33,2715,28,582,892,23
7/8/20,0,423,1101,5096,2888,3725,2055,75,34,2808,29,593,903,23
7/9/20,0,437,1148,5201,2951,3828,2089,82,36,2884,30,601,912,24
7/10/20,0,446,1170,5276,2989,3895,2103,81,38,2941,33,608,922,24
7/11/20,0,454,1187,5348,3026,3954,2140,84,40,3020,33,613,933,25
7/12/20,0,455,1192,5367,3040,3965,2147,84,40,3029,34,615,934,25
7/13/20,0,456,1193,5390,3046,3983,2150,86,40,3037,34,616,936,25
7/14/20,0,466,1220,5478,3107,4048,2190,87,41,3091,34,621,949,25
7/15/20,0,477,1238,5568,3151,4122,2217,91,41,3141,35,628,962,25
7/16/20,0,484,1271,5654,3194,4205,2235,90,42,3204,37,635,975,25
7/17/20,0,491,1294,5745,3242,4279,2269,91,41,3283,39,641,987,25
7/18/20,0,505,1306,5809,3279,4331,2298,91,41,3359,40,654,993,25
7/19/20,0,506,1311,5834,3290,4351,2308,91,41,3373,41,654,997,25
7/20/20,0,508,1317,5852,3303,4364,2318,92,41,3386,41,654,998,25
7/21/20,0,516,1337,5940,3346,4436,2347,93,41,3455,41,660,1008,27
7/22/20,0,526,1371,6052,3409,4530,2384,97,42,3532,40,672,1021,28
7/23/20,0,547,1402,6147,3466,4620,2418,105,42,3605,40,681,1031,29
7/24/20,0,567,1430,6245,3523,4708,2450,108,39,3676,45,691,1043,29
7/25/20,0,580,1463,6339,3577,4794,2474,112,42,3740,45,697,1056,31
7/26/20,0,585,1467,6360,3591,4810,2484,112,43,3763,45,701,1058,32
7/27/20,0,589,1469,6378,3607,4818,2495,112,43,3770,45,701,1062,33
7/28/20,0,606,1497,6413,3630,4875,2516,109,46,3846,47,710,1073,32
7/29/20,0,626,1534,6591,3740,5000,2583,115,46,3963,47,722,1091,32
7/30/20,0,637,1569,6733,3831,5095,2633,118,49,4043,47,734,1109,33
7/31/20,0,649,1594,6851,3904,5178,2667,121,50,4115,48,745,1124,33
8/1/20,0,666,1626,6959,3962,5277,2713,126,50,4189,48,756,1132,33
8/2/20,1,674,1646,7004,3991,5322,2735,130,49,4218,49,761,1138,34
8/3/20,1,676,1652,7019,4000,5336,2754,124,49,4244,50,764,1142,35
8/4/20,1,690,1693,7135,4074,5432,2803,122,50,4362,50,787,1156,37
8/5/20,1,699,1731,7228,4129,5516,2836,122,53,4438,50,797,1171,38
8/6/20,1,714,1758,7333,4188,5605,2868,125,54,4512,48,811,1183,38
8/7/20,1,729,1791,7459,4252,5718,2920,129,55,4583,48,819,1199,38
8/8/20,1,745,1838,7587,4328,5831,2988,124,57,4692,48,830,1226,39
8/9/20,1,750,1856,7638,4363,5870,3011,124,57,4735,48,835,1231,39
8/10/20,1,750,1863,7657,4376,5881,3021,124,57,4753,48,837,1233,39
8/11/20,1,763,1910,7816,4462,6012,3075,130,60,4845,48,850,1252,41
8/12/20,1,769,1941,7953,4537,6112,3118,127,62,4935,52,857,1269,41
8/13/20,1,783,1974,8071,4602,6211,3160,130,61,5024,51,864,1282,41
8/14/20,1,789,2010,8189,4673,6304,3204,136,63,5098,55,872,1298,40
8/15/20,1,801,2039,8259,4714,6371,3226,139,66,5148,55,874,1305,41
8/16/20,1,800,2041,8268,4718,6377,3229,138,67,5167,55,875,1306,41
8/17/20,1,805,2047,8288,4728,6402,3238,138,67,5186,53,876,1311,41
8/18/20,1,812,2084,8401,4784,6502,3316,137,69,5305,53,892,1335,40
8/19/20,1,833,2112,8517,4856,6594,3356,142,68,5386,54,905,1347,40
8/20/20,2,842,2142,8601,4905,6667,3379,133,72,5469,52,912,1360,40
8/21/20,2,847,2169,8720,4966,6758,3413,134,72,5551,53,924,1379,39
8/22/20,2,866,2204,8870,5044,6883,3466,139,74,5653,53,935,1394,37
8/23/20,2,868,2209,8873,5047,6887,3470,135,75,5666,54,935,1399,37
8/24/20,2,871,2213,8914,5071,6911,3492,134,75,5686,54,935,1402,37
8/25/20,3,877,2247,9027,5140,6998,3549,134,76,5786,54,945,1421,38
8/26/20,3,888,2266,9135,5203,7072,3591,132,74,5866,52,951,1440,38
8/27/20,4,901,2301,9252,5273,7166,3621,136,76,5957,52,956,1462,38
8/28/20,3,907,2317,9339,5317,7230,3655,139,76,5999,52,966,1471,38
8/29/20,3,922,2348,9470,5388,7335,3702,145,77,6076,53,975,1486,40
8/30/20,3,920,2351,9481,5399,7336,3703,146,77,6083,55,975,1485,40
8/31/20,3,924,2359,9507,5409,7364,3716,145,77,6110,55,979,1488,41
9/1/20,3,932,2402,9614,5473,7456,3773,147,77,6206,56,996,1504,41
9/2/20,3,943,2438,9734,5538,7558,3811,151,82,6280,57,1007,1528,41
9/3/20,3,963,2466,9858,5616,7652,3862,156,84,6353,57,1019,1549,41
9/4/20,3,978,2513,9973,5699,7746,3918,156,88,6430,59,1028,1560,40
9/5/20,3,986,2536,10065,5755,7814,3954,159,87,6488,59,1038,1572,39
9/6/20,3,983,2543,10065,5760,7813,3952,162,87,6501,58,1035,1575,39
9/7/20,3,986,2550,10106,5783,7841,3971,162,89,6520,59,1039,1579,39
9/8/20,3,990,2578,10154,5823,7881,4019,154,90,6583,59,1049,1587,41
9/9/20,3,1000,2616,10226,5875,7949,4045,159,94,6637,59,1059,1597,41
9/10/20,3,1004,2643,10311,5927,8012,4088,160,96,6686,61,1068,1606,41
9/11/20,3,1010,2671,10396,5975,8083,4136,116,97,6761,56,1072,1644,41
9/12/20,3,1022,2695,10489,6031,8154,4165,110,98,6824,56,1092,1654,42
9/13/20,3,1023,2693,10491,6030,8156,4164,110,98,6824,57,1091,1654,42
9/14/20,3,1023,2716,10517,6055,8180,4182,110,99,6850,57,1090,1656,42
9/15/20,3,1030,2742,10635,6132,8254,4243,110,98,6939,58,1101,1673,42
9/16/20,3,1038,2758,10718,6176,8315,4281,112,98,6967,59,1113,1683,42
9/17/20,3,1051,2783,10790,6224,8377,4316,116,98,7011,61,1113,1700,45
9/18/20,3,1070,2823,10866,6277,8457,4338,115,101,7087,62,1122,1712,46
9/19/20,2,1084,2838,10924,6320,8500,4369,115,103,7120,65,1134,1717,45
9/20/20,2,1081,2843,10947,6329,8516,4382,116,103,7125,66,1138,1720,45
9/21/20,2,1084,2846,10968,6346,8526,4393,116,103,7136,66,1140,1724,45
9/22/20,2,1096,2870,11070,6397,8611,4440,119,105,7223,66,1151,1739,46
9/23/20,2,1101,2904,11147,6450,8674,4474,116,102,7282,68,1157,1752,48
9/24/20,2,1109,2931,11214,6500,8725,4495,118,102,7334,67,1167,1765,49
9/25/20,2,1115,2953,11291,6553,8776,4537,121,101,7376,68,1172,1779,49
9/26/20,2,1120,2963,11347,6585,8815,4567,125,99,7389,69,1177,1794,49
9/27/20,2,1125,2962,11362,6595,8824,4572,125,99,7400,69,1178,1795,49
9/28/20,2,1125,2963,11372,6598,8834,4577,124,99,7404,69,1178,1800,49
9/29/20,2,1136,2993,11526,6683,8943,4658,125,103,7494,73,1186,1828,49
9/30/20,2,1140,3019,11596,6729,8997,4681,128,106,7549,73,1192,1832,49
10/1/20,2,1157,3053,11706,6787,9100,4721,126,106,7639,74,1205,1852,48
10/2/20,2,1153,3064,11713,6795,9106,4727,106,109,7660,74,1201,1855,49
10/3/20,2,1160,3074,11763,6821,9147,4738,92,110,7697,76,1213,1869,48
10/4/20,2,1162,3078,11778,6829,9160,4746,89,113,7708,76,1213,1873,48
10/5/20,2,1166,3085,11793,6839,9176,4753,91,113,7725,76,1214,1871,48
10/6/20,2,1167,3099,11863,6883,9220,4786,94,114,7778,78,1217,1881,48
10/7/20,2,1174,3116,11933,6922,9275,4812,95,114,7818,79,1226,1888,49
10/8/20,2,1180,3124,11992,6958,9311,4832,99,115,7847,77,1229,1900,51
10/9/20,2,1183,3139,12056,6990,9362,4866,101,116,7884,77,1233,1903,51
10/10/20,2,1188,3153,12117,7026,9406,4900,105,117,7911,78,1238,1907,51
10/11/20,2,1189,3157,12122,7026,9416,4903,105,118,7916,78,1237,1908,51
10/12/20,2,1189,3159,12130,7032,9420,4911,104,119,7921,78,1235,1909,51
10/13/20,2,1189,3166,12165,7055,9439,4929,101,122,7959,76,1237,1914,51
10/14/20,2,1197,3180,12242,7105,9488,4950,96,122,8012,76,1243,1929,52
10/15/20,2,1201,3202,12306,7138,9545,4979,89,122,8054,77,1247,1943,52
10/16/20,2,1207,3216,12364,7184,9576,4998,86,125,8079,77,1256,1958,53
10/17/20,2,1212,3238,12430,7225,9628,5032,88,128,8128,79,1258,1963,53
10/18/20,2,1212,3243,12436,7230,9634,5034,86,129,8139,78,1258,1964,53
10/19/20,2,1216,3244,12445,7238,9640,5035,87,129,8143,78,1260,1966,53
10/20/20,2,1218,3255,12511,7273,9684,5060,84,130,8185,79,1266,1976,53
10/21/20,2,1229,3274,12617,7327,9767,5100,82,132,8248,80,1275,1998,54
10/22/20,2,1229,3283,12670,7358,9798,5123,82,131,8277,80,1277,2005,55
10/23/20,2,1229,3290,12709,7373,9829,5137,83,131,8296,80,1277,2013,56
10/24/20,2,1234,3305,12744,7393,9864,5155,83,134,8324,81,1278,2017,56
10/25/20,2,1236,3305,12754,7400,9869,5155,83,134,8334,81,1278,2019,56
10/26/20,2,1236,3307,12767,7409,9875,5162,86,134,8339,81,1279,2020,56
10/27/20,2,1252,3332,12842,7440,9960,5197,83,138,8407,81,1288,2028,57
10/28/20,2,1257,3342,12900,7475,9996,5228,88,139,8429,81,1292,2036,57
10/29/20,2,1258,3349,12936,7487,10028,5238,88,139,8449,81,1296,2045,57
10/30/20,2,1270,3359,12972,7506,10067,5250,87,139,8483,81,1299,2049,59
10/31/20,2,1273,3365,13020,7533,10098,5269,74,142,8506,82,1308,2060,58
11/1/20,2,1274,3368,13037,7541,10111,5274,75,142,8514,82,1309,2062,58
11/2/20,2,1275,3369,13044,7543,10118,5281,75,142,8516,82,1309,2063,58
11/3/20,2,1282,3382,13104,7574,10166,5313,77,143,8547,84,1316,2071,58
11/4/20,2,1292,3391,13147,7610,10192,5330,79,144,8573,84,1318,2081,58
11/5/20,2,1298,3409,13188,7642,10225,5347,82,145,8610,84,1320,2089,58
11/6/20,2,1300,3421,13220,7662,10251,5366,80,146,8629,84,1321,2092,59
11/7/20,2,1303,3439,13272,7689,10297,5395,82,148,8662,86,1325,2095,59
11/8/20,2,1303,3438,13275,7690,10298,5395,82,148,8664,86,1326,2096,59
11/9/20,2,1303,3440,13281,7695,10301,5396,82,148,8667,86,1327,2096,59
11/10/20,2,1308,3453,13330,7722,10341,5422,82,149,8706,87,1331,2100,59
11/11/20,2,1312,3463,13359,7740,10366,5432,81,151,8731,87,1332,2107,59
11/12/20,2,1315,3470,13375,7753,10379,5438,82,153,8747,87,1331,2109,59
11/13/20,2,1321,3487,13426,7780,10426,5467,82,153,8779,87,1336,2114,59
11/14/20,2,1325,3498,13476,7804,10466,5490,85,153,8807,86,1341,2119,61
11/15/20,2,1328,3502,13490,7817,10475,5496,85,153,8814,86,1343,2121,61
11/16/20,2,1329,3502,13509,7825,10487,5504,83,153,8823,86,1344,2125,61
11/17/20,2,1332,3514,13546,7848,10516,5516,86,154,8856,88,1346,2136,62
11/18/20,2,1340,3535,13624,7897,10574,5552,88,156,8900,88,1352,2146,63
11/19/20,2,1346,3555,13689,7925,10637,5570,88,156,8953,89,1355,2161,63
11/20/20,2,1351,3573,13754,7966,10684,5596,89,158,8988,89,1363,2172,64
11/21/20,2,1356,3578,13817,7996,10727,5617,91,157,9022,89,1369,2178,64
11/22/20,2,1358,3591,13844,8005,10759,5630,92,157,9036,89,1370,2183,64
11/23/20,2,1358,3598,13858,8013,10772,5633,92,156,9045,89,1371,2178,64
11/24/20,2,1366,3620,13941,8062,10836,5683,91,158,9112,90,1373,2194,64
11/25/20,2,1370,3639,14019,8109,10890,5722,92,159,9154,90,1380,2204,64
11/26/20,2,1370,3660,14076,8134,10942,5747,93,159,9196,90,1380,2216,64
11/27/20,2,1372,3668,14111,8153,10969,5758,94,162,9214,91,1385,2219,64
11/28/20,2,1374,3675,14136,8169,10989,5768,94,162,9227,93,1388,2223,64
11/29/20,2,1377,3678,14162,8185,11004,5781,94,163,9233,93,1391,2228,64
11/30/20,2,1376,3687,14183,8200,11018,5794,92,163,9245,93,1391,2234,64
12/1/20,2,1386,3703,14276,8253,11084,5825,96,163,9299,94,1400,2248,64
12/2/20,2,1391,3721,14366,8300,11150,5875,99,164,9342,94,1406,2256,64
12/3/20,2,1403,3758,14518,8387,11260,5941,103,169,9427,96,1414,2265,66
12/4/20,2,1411,3782,14612,8438,11322,5979,109,170,9485,96,1418,2279,66
12/5/20,2,1420,3808,14699,8481,11398,6022,114,174,9515,97,1431,2291,65
12/6/20,2,1434,3822,14769,8497,11411,6082,134,176,9511,97,1438,2302,64
12/7/20,2,1437,3829,14818,8512,11453,6101,133,176,9536,97,1438,2316,64
12/8/20,2,1450,3852,14949,8594,11540,6178,140,180,9608,99,1449,2340,66
12/9/20,2,1461,3891,15103,8677,11654,6227,148,181,9681,101,1456,2361,66
12/10/20,3,1467,3913,15259,8752,11759,6319,148,186,9749,101,1470,2385,66
12/11/20,3,1473,3952,15382,8817,11860,6376,150,185,9834,102,1481,2399,66
12/12/20,3,1488,3983,15520,8883,11976,6424,153,189,9918,101,1490,2419,66
12/13/20,3,1495,3992,15597,8924,12023,6461,158,191,9952,101,1491,2425,66
12/14/20,3,1502,4017,15655,8964,12071,6480,160,192,9997,101,1500,2435,67
12/15/20,3,1512,4053,15841,9053,12215,6547,164,198,10090,103,1510,2464,67
12/16/20,3,1532,4133,16148,9224,12450,6643,153,198,10309,106,1534,2495,70
12/17/20,4,1549,4172,16354,9358,12581,6782,144,204,10454,110,1551,2523,72
12/18/20,4,1567,4221,16553,9479,12726,6873,149,206,10563,112,1563,2545,74
12/19/20,4,1581,4256,16729,9586,12843,6942,166,209,10631,113,1577,2580,74
12/20/20,4,1588,4278,16844,9653,12920,7001,171,209,10680,115,1584,2597,74
12/21/20,4,1603,4296,16922,9698,12985,7041,178,211,10721,118,1593,2601,74
12/22/20,4,1621,4347,17124,9809,13145,7133,179,218,10887,120,1604,2624,75
12/23/20,4,1621,4347,17124,9809,13145,7133,179,218,10887,120,1604,2624,75
12/24/20,5,1656,4452,17608,10097,13482,7351,194,233,11132,122,1637,2690,78
12/25/20,5,1666,4487,17740,10164,13592,7413,203,237,11194,122,1645,2711,79
12/26/20,5,1675,4528,17909,10254,13720,7482,210,243,11274,124,1658,2745,80
12/27/20,5,1682,4546,17958,10273,13773,7497,204,244,11325,125,1662,2758,82
12/28/20,5,1692,4569,18042,10325,13837,7525,205,248,11381,126,1668,2770,82
12/29/20,6,1722,4634,18372,10513,14075,7679,210,252,11575,129,1697,2818,81
12/30/20,6,1722,4634,18372,10513,14075,7679,210,252,11575,129,1697,2818,81
12/31/20,6,1778,4797,19217,10960,14684,8008,237,268,12009,133,1759,2949,82
1/1/21,6,1807,4874,19545,11129,14945,8136,258,273,12181,136,1781,3003,85
1/2/21,6,1834,4920,19727,11232,15092,8211,267,281,12282,139,1801,3031,85
1/3/21,6,1825,4939,19787,11258,15134,8230,267,282,12314,138,1804,3043,85
1/4/21,6,1847,4981,19969,11365,15269,8309,278,283,12422,139,1816,3056,86
1/5/21,6,1869,5059,20284,11538,15508,8441,298,286,12583,142,1833,3109,87
1/6/21,6,1905,5160,20734,11778,15856,8619,316,291,12827,147,1853,3171,90
1/7/21,6,1940,5254,21161,12045,16234,8791,338,297,13040,151,1872,3227,91
1/8/21,6,1983,5369,21633,12304,16597,8976,359,307,13300,156,1911,3286,95
1/9/21,6,2007,5459,22018,12515,16881,9133,373,317,13484,159,1934,3349,96
1/10/21,6,2036,5527,22336,12696,17113,9243,403,329,13627,161,1955,3404,97
1/11/21,6,2047,5564,22483,12773,17229,9307,406,332,13708,161,1968,3440,97
1/12/21,6,2078,5669,22926,13005,17575,9569,400,340,14078,166,2016,3535,99
1/13/21,6,2112,5750,23347,13206,17906,9736,416,344,14292,170,2050,3605,99
1/14/21,6,2135,5806,23693,13370,18164,9891,441,355,14443,173,2075,3643,102
1/15/21,6,2176,5928,24133,13626,18502,10091,473,361,14649,179,2110,3718,101
1/16/21,6,2211,6039,24550,13843,18838,10256,497,364,14886,180,2147,3790,101
1/17/21,6,2228,6117,24781,13962,19041,10362,516,372,15018,184,2160,3816,102
1/18/21,6,2238,6168,24944,14043,19181,10428,537,376,15119,186,2173,3827,102
1/19/21,6,2257,6232,25187,14183,19363,10530,548,382,15240,187,2195,3866,102
1/20/21,7,2298,6380,25653,14457,19740,10741,571,389,15554,193,2229,3932,107
1/21/21,9,2347,6512,26153,14736,20139,10976,598,392,15829,196,2272,4005,110
1/22/21,9,2373,6611,26543,14935,20452,11145,616,402,16046,199,2296,4054,110
1/23/21,9,2415,6752,27024,15193,20857,11330,637,410,16348,204,2333,4126,112
1/24/21,9,2427,6787,27216,15286,21002,11404,650,415,16433,205,2345,4155,112
1/25/21,9,2436,6832,27373,15370,21129,11460,666,419,16518,207,2349,4185,117
1/26/21,9,2476,6964,27868,15656,21506,11664,691,422,16822,213,2391,4256,117
1/27/21,9,2523,7114,28415,15955,21947,11879,725,428,17147,221,2423,4341,120
1/28/21,11,2567,7229,28852,16215,22279,12045,761,436,17404,226,2452,4399,121
1/29/21,11,2616,7364,29323,16477,22669,12267,776,451,17681,226,2488,4462,123
1/30/21,12,2662,7496,29734,16733,23002,12423,787,458,17965,229,2516,4532,126
1/31/21,12,2691,7568,29984,16878,23202,12511,799,473,18123,230,2532,4574,128
2/1/21,12,2702,7611,30124,16957,23316,12573,804,479,18220,232,2539,4595,130
2/2/21,12,2748,7727,30523,17158,23671,12761,805,491,18502,239,2571,4643,135
2/3/21,13,2802,7849,30962,17407,24036,12968,827,496,18756,245,2601,4703,138
2/4/21,12,2851,8010,31531,17712,24501,13190,855,508,19117,249,2632,4785,141
2/5/21,13,2897,8122,31976,17961,24850,13361,863,521,19407,253,2662,4850,145
2/6/21,13,2921,8214,32298,18124,25117,13485,878,527,19624,256,2677,4894,145
2/7/21,14,2942,8262,32506,18233,25289,13578,884,532,19756,257,2699,4923,145
2/8/21,13,2955,8301,32625,18296,25395,13628,883,534,19846,257,2713,4938,146
2/9/21,13,2985,8418,33000,18493,25717,13744,887,535,20125,258,2749,5009,150
2/10/21,13,3021,8537,33409,18710,26063,13918,918,546,20364,263,2783,5054,153
2/11/21,13,3050,8663,33785,18920,26374,14068,962,549,20596,270,2810,5110,154
2/12/21,13,3069,8762,34133,19103,26653,14216,973,558,20782,272,2828,5175,158
2/13/21,13,3100,8853,34483,19298,26931,14348,997,560,20989,276,2857,5241,158
2/14/21,13,3113,8903,34683,19394,27097,14425,1007,569,21098,277,2863,5271,160
2/15/21,13,3118,8926,34731,19427,27139,14453,1007,570,21139,277,2865,5279,160
2/16/21,13,3138,8986,34942,19549,27308,14542,1015,575,21267,277,2876,5309,162
2/17/21,14,3157,9089,35269,19713,27593,14689,1028,578,21466,280,2891,5371,163
2/18/21,14,3183,9173,35596,19866,27871,14819,1036,580,21677,283,2918,5413,163
2/19/21,14,3221,9265,35906,20049,28126,14958,1055,586,21866,286,2946,5464,165
2/20/21,14,3245,9364,36177,20205,28359,15083,1062,599,22030,289,2972,5504,166
2/21/21,14,3269,9427,36322,20294,28502,15170,1069,603,22114,288,2982,5536,165
2/22/21,14,3273,9441,36394,20327,28559,15205,1072,610,22141,290,2984,5548,165
2/23/21,14,3302,9517,36631,20480,28748,15249,1064,612,22371,292,3004,5590,165
2/24/21,14,3377,9741,37510,20985,29420,15648,1084,626,22893,302,3089,5752,167
2/25/21,14,3413,9841,37847,21092,29608,15836,1117,644,23046,304,3119,5792,171
2/26/21,14,3428,9931,38126,21340,29918,15908,1096,647,23307,304,3142,5848,172
2/27/21,14,3441,9991,38342,21452,30093,16017,1103,647,23435,306,3161,5875,173
2/28/21,14,3459,10056,38498,21531,30253,16075,1102,651,23571,307,3179,5903,174
3/1/21,14,3467,10069,38574,21572,30309,16111,1102,655,23608,309,3188,5910,174
3/2/21,14,3482,10127,38801,21698,30495,16205,1092,658,23768,311,3209,5958,173
3/3/21,14,3515,10232,39056,21866,30722,16317,1094,673,23976,314,3222,5997,176
3/4/21,14,3534,10301,39339,22021,30936,16410,1109,690,24150,318,3237,6041,180
3/5/21,14,3550,10369,39525,22155,31070,16505,1105,686,24282,319,3262,6073,183
3/6/21,14,3565,10429,39708,22242,31236,16586,1103,693,24402,322,3275,6105,184
3/7/21,14,3567,10447,39793,22290,31292,16622,1105,702,24429,323,3279,6132,184
3/8/21,14,3572,10458,39827,22314,31317,16645,1107,702,24441,323,3278,6143,185
3/9/21,14,3601,10544,40153,22485,31587,16739,1118,707,24687,326,3309,6209,187
3/10/21,14,3620,10593,40354,22601,31737,16834,1122,712,24810,324,3329,6246,188
3/11/21,14,3636,10665,40556,22722,31902,16906,1118,718,24975,325,3349,6279,191
3/12/21,14,3656,10708,40710,22807,32031,16972,1119,714,25078,326,3360,6318,193
3/13/21,14,3674,10762,40778,22857,32118,16995,1118,715,25161,325,3373,6344,192
3/14/21,14,3684,10794,40831,22906,32165,17010,1117,721,25222,326,3373,6359,192
3/15/21,14,3688,10801,40862,22920,32191,17028,1116,725,25236,326,3374,6367,192
3/16/21,14,3702,10842,41012,23005,32335,17120,1112,724,25357,327,3392,6399,193
3/17/21,15,3715,10891,41167,23080,32476,17202,1110,730,25517,331,3413,6436,198
3/18/21,15,3732,10945,41328,23187,32602,17281,1119,735,25623,333,3422,6457,199
3/19/21,15,3732,10972,41346,23208,32624,17265,1112,731,25667,330,3437,6470,198
3/20/21,15,3737,10958,41401,23220,32657,17294,1110,732,25678,330,3438,6473,200
3/21/21,15,3761,11064,41698,23400,32903,17435,1124,762,25843,331,3459,6517,201
3/22/21,15,3764,11071,41739,23422,32928,17457,1126,765,25854,331,3461,6523,200
3/23/21,15,3781,11144,41903,23508,33094,17548,1125,767,25967,333,3471,6552,200
3/24/21,16,3801,11192,42074,23611,33228,17619,1127,775,26078,334,3487,6591,202
3/25/21,16,3812,11242,42258,23721,33363,17688,1097,779,26219,338,3509,6619,201
3/26/21,16,3831,11297,42399,23811,33488,17750,1076,778,26351,342,3520,6648,202
3/27/21,16,3843,11342,42537,23885,33607,17816,1081,780,26429,346,3538,6675,205
3/28/21,16,3845,11352,42557,23895,33628,17823,1083,784,26449,346,3538,6678,205
3/29/21,16,3846,11355,42563,23899,33634,17826,1082,783,26460,346,3539,6678,204
3/30/21,16,3854,11389,42669,23966,33713,17881,1082,782,26530,347,3544,6692,207
3/31/21,16,3868,11419,42779,24028,33804,17932,1081,778,26613,347,3554,6714,205
4/1/21,17,3879,11462,42903,24101,33911,17992,1079,778,26682,345,3569,6749,205
4/2/21,17,3884,11501,42994,24153,33996,18021,1066,781,26780,343,3583,6772,205
4/3/21,17,3895,11524,43069,24202,34058,18073,1060,760,26806,347,3591,6812,204
4/4/21,17,3896,11527,43086,24212,34070,18081,1024,751,26833,342,3599,6844,202
4/5/21,18,3898,11529,43088,24215,34074,18068,1007,753,26850,339,3603,6860,206
4/6/21,18,3903,11558,43172,24257,34148,18107,1002,741,26918,338,3611,6880,206
4/7/21,18,3915,11588,43259,24299,34231,18159,1000,740,26968,335,3628,6894,206
4/8/21,18,3927,11617,43373,24373,34312,18214,982,753,27042,336,3640,6923,205
4/9/21,19,3938,11660,43488,24438,34412,18254,933,750,27138,329,3665,6980,211
4/10/21,19,3945,11690,43555,24477,34476,18274,919,752,27194,328,3673,7008,211
4/11/21,19,3946,11700,43576,24494,34489,18285,878,757,27227,325,3677,7029,213
4/12/21,19,3947,11704,43580,24495,34498,18277,858,756,27239,319,3685,7048,214
4/13/21,19,3952,11728,43665,24552,34556,18269,826,757,27381,319,3693,7061,214
4/14/21,19,3961,11757,43763,24609,34637,18317,801,763,27452,315,3702,7092,215
4/15/21,19,3968,11782,43810,24637,34687,18325,798,762,27497,315,3713,7108,215
4/16/21,19,3977,11802,43884,24684,34743,18344,800,770,27539,313,3722,7135,216
4/17/21,19,3980,11820,43941,24715,34790,18365,796,777,27569,313,3730,7145,217
4/18/21,19,3981,11816,43948,24719,34790,18371,795,779,27565,313,3731,7148,217
4/19/21,19,3983,11818,43976,24731,34808,18383,799,779,27573,313,3732,7153,217
4/20/21,19,3988,11835,44040,24768,34857,18406,801,780,27616,314,3738,7164,217
4/21/21,19,3993,11853,44119,24814,34912,18444,808,784,27643,312,3745,7187,215
4/22/21,19,3997,11878,44184,24863,34954,18466,807,786,27696,312,3752,7199,215
4/23/21,19,4000,11885,44223,24881,34985,18480,807,787,27714,313,3755,7206,215
4/24/21,19,4005,11895,44261,24899,35021,18494,809,789,27736,313,3762,7214,218
4/25/21,19,4007,11898,44271,24909,35026,18501,809,790,27738,313,3762,7216,218
4/26/21,19,4007,11899,44275,24912,35028,18502,809,791,27739,313,3764,7217,218
4/27/21,19,4011,11912,44323,24935,35067,18491,800,791,27807,314,3771,7227,218
4/28/21,19,4013,11939,44383,24967,35124,18521,801,791,27847,314,3775,7237,219
4/29/21,19,4019,11957,44464,25006,35187,18553,804,794,27888,315,3781,7245,219
4/30/21,19,4030,11977,44591,25086,35264,18363,788,776,27849,313,3753,7136,216
5/1/21,19,4040,12008,44673,25145,35325,18408,798,779,27886,314,3767,7157,216
5/2/21,19,4039,12011,44686,25150,35335,18414,798,780,27892,314,3768,7159,216
5/3/21,19,4040,12011,44687,25150,35337,18415,799,780,27892,314,3768,7159,216
5/4/21,19,4049,12037,44749,25185,35399,18445,798,783,27956,315,3777,7169,215
5/5/21,21,4052,12050,44795,25213,35436,18466,802,789,27983,315,3779,7177,215
5/6/21,21,4066,12068,44863,25244,35503,18509,803,794,28025,316,3784,7185,215
5/7/21,21,4078,12092,44967,25299,35588,18878,844,826,28061,320,3825,7309,222
5/8/21,21,4084,12111,45003,25324,35625,18898,846,833,28074,320,3832,7314,222
5/9/21,21,4085,12113,45013,25329,35632,18903,846,836,28075,320,3836,7315,222
5/10/21,21,4086,12113,45017,25330,35636,18902,847,837,28076,320,3836,7318,222
5/11/21,21,4092,12122,45061,25355,35670,18919,849,841,28100,320,3844,7323,222
5/12/21,21,4098,12137,45086,25367,35704,18929,856,841,28133,320,3837,7325,221
5/13/21,21,4106,12148,45133,25389,35750,18956,860,842,28159,320,3838,7329,221
5/14/21,21,4108,12154,45152,25396,35769,18971,857,845,28174,320,3837,7336,221
5/15/21,21,4114,12165,45190,25413,35807,18988,859,852,28201,320,3838,7339,221
5/16/21,21,4114,12167,45199,25417,35814,18995,859,855,28204,319,3838,7340,221
5/17/21,22,4114,12167,45201,25419,35815,18997,859,855,28206,319,3838,7340,221
5/18/21,23,4120,12176,45228,25437,35836,19003,850,858,28249,319,3840,7342,222
5/19/21,23,4123,12186,45263,25464,35857,19019,854,866,28264,320,3842,7344,223
5/20/21,23,4134,12195,45312,25492,35895,19043,856,868,28288,319,3850,7348,223
5/21/21,23,4146,12205,45339,25520,35918,19057,856,870,28308,319,3854,7355,223
5/22/21,23,4152,12217,45355,25534,35936,19069,856,873,28328,319,3855,7358,223
5/23/21,23,4152,12218,45361,25537,35940,19074,857,873,28327,319,3856,7359,223
5/24/21,23,4153,12219,45367,25537,35948,19080,854,873,28335,318,3857,7358,223
5/25/21,23,4157,12234,45402,25564,35975,19101,845,874,28368,318,3863,7362,223
5/26/21,23,4160,12239,45425,25578,35995,19130,840,874,28377,318,3874,7363,224
5/27/21,23,4169,12270,45555,25639,36102,19186,844,881,28431,319,3895,7386,224
5/28/21,23,4170,12275,45523,25620,36098,19156,839,883,28439,320,3892,7386,222
5/29/21,23,4167,12276,45532,25619,36109,19160,841,883,28440,322,3891,7386,222
5/30/21,23,4167,12277,45536,25619,36114,19158,841,887,28442,322,3893,7386,222
5/31/21,23,4167,12279,45544,25626,36117,19163,841,886,28445,322,3893,7389,222
6/1/21,23,4168,12281,45564,25631,36120,19167,846,886,28449,322,3894,7397,222
6/2/21,23,4176,12292,45593,25655,36145,19186,845,886,28468,322,3897,7402,222
6/3/21,23,4181,12312,45655,25685,36200,19228,841,888,28498,322,3904,7411,222
6/4/21,23,4185,12322,45704,25714,36231,19248,842,894,28512,322,3907,7423,222
6/5/21,23,4202,12362,45875,25813,36336,19284,847,886,28624,322,3916,7471,220
6/6/21,23,4203,12363,45876,25812,36340,19286,848,888,28623,322,3918,7471,220
6/7/21,23,4203,12366,45879,25816,36342,19287,848,888,28625,322,3920,7471,220
6/8/21,23,4202,12375,45891,25826,36352,19296,844,888,28635,323,3926,7470,220
6/9/21,23,4204,12384,45919,25844,36373,19317,848,888,28638,325,3930,7471,220
6/10/21,23,4212,12397,45953,25869,36403,19333,848,893,28662,326,3931,7474,221
6/11/21,23,4211,12392,45874,25828,36380,19284,833,894,28662,328,3933,7458,224
6/12/21,23,4206,12394,45881,25831,36381,19280,832,895,28668,328,3936,7458,223
6/13/21,23,4204,12398,45872,25831,36375,19285,829,895,28664,329,3936,7453,223
6/14/21,23,4204,12400,45880,25836,36380,19290,826,895,28669,329,3938,7453,224
6/15/21,23,4203,12414,45886,25838,36396,19268,797,894,28731,329,3944,7463,224
6/16/21,23,4207,12419,45909,25850,36415,19280,793,898,28742,330,3944,7470,225
6/17/21,23,4212,12434,45946,25878,36445,19299,797,904,28762,330,3948,7472,225
6/18/21,23,4213,12444,45967,25896,36459,19315,799,908,28765,332,3949,7476,225
6/19/21,23,4217,12450,45992,25911,36480,19339,799,907,28772,333,3953,7477,225
6/20/21,23,4219,12450,45994,25918,36487,19357,801,910,28773,333,3954,7480,225
6/21/21,23,4219,12451,46001,25923,36490,19359,800,913,28775,333,3956,7480,224
6/22/21,23,4220,12454,46037,25942,36511,19358,798,914,28808,333,3963,7483,224
6/23/21,23,4225,12474,46093,25970,36562,19395,800,919,28829,333,3968,7490,227
6/24/21,23,4230,12488,46142,25999,36601,19418,802,919,28859,334,3971,7494,227
6/25/21,23,4238,12505,46172,26017,36640,19433,803,921,28886,334,3977,7494,227
6/26/21,23,4242,12519,46199,26036,36664,19465,803,924,28889,334,3978,7498,227
6/27/21,23,4242,12521,46201,26036,36668,19477,806,934,28872,334,3977,7496,227
6/28/21,23,4244,12522,46203,26039,36670,19480,806,934,28873,334,3977,7496,227
6/29/21,23,4250,12530,46212,26051,36684,19472,803,934,28908,335,3982,7492,228
6/30/21,23,4260,12547,46258,26069,36738,19502,806,936,28937,336,3982,7493,229
7/1/21,23,4269,12559,46282,26091,36760,19521,811,939,28948,337,3985,7494,229
7/5/21,29,4282,12577,46342,26147,36800,19558,815,943,28988,337,3991,7501,229
7/6/21,29,4285,12578,46359,26158,36809,19563,814,943,28995,337,3994,7504,229
7/7/21,28,4292,12598,46391,26184,36840,19582,819,946,29010,337,4002,7507,231
7/8/21,28,4305,12611,46424,26203,36878,19605,823,949,29025,338,4006,7508,231
7/11/21,28,4317,12633,46486,26247,36931,19641,831,956,29059,340,4011,7509,230
7/12/21,28,4317,12635,46490,26251,36933,19643,831,956,29063,340,4012,7509,230
7/13/21,28,4320,12641,46511,26260,36953,19655,835,957,29072,340,4013,7512,230
7/14/21,28,4325,12646,46526,26274,36964,19666,836,959,29078,340,4013,7515,231
7/15/21,28,4335,12661,46566,26309,36994,19694,839,963,29094,340,4018,7516,231
7/18/21,28,4345,12674,46594,26332,37022,19710,842,970,29112,341,4023,7518,231
7/19/21,28,4345,12675,46597,26333,37025,19712,842,970,29112,341,4023,7520,231
7/20/21,28,4347,12677,46604,26340,37034,19720,831,971,29130,343,4026,7521,231
7/21/21,28,4352,12685,46622,26353,37051,19735,831,971,29139,343,4030,7522,230
7/22/21,28,4356,12693,46656,26374,37076,19747,831,972,29160,344,4036,7527,230
7/25/21,28,4362,12713,46695,26396,37119,19772,835,974,29180,344,4045,7532,231
7/26/21,28,4363,12713,46699,26398,37122,19774,835,974,29182,344,4045,7533,231
7/27/21,28,4370,12723,46720,26416,37142,19786,836,974,29195,346,4050,7538,231
7/28/21,28,4377,12734,46744,26442,37158,19797,838,974,29201,348,4062,7544,231
7/29/21,28,4382,12754,46763,26459,37185,19812,843,975,29213,348,4069,7548,231
8/1/21,29,4398,12788,46862,26521,37273,19845,847,972,29255,350,4079,7599,230
8/2/21,29,4400,12793,46866,26526,37279,19850,848,972,29259,350,4079,7599,230
8/3/21,29,4411,12807,46895,26546,37313,19868,853,972,29276,350,4088,7600,230
8/4/21,30,4421,12825,46922,26562,37353,19883,856,974,29294,352,4097,7602,231
8/5/21,30,4429,12836,46940,26574,37378,19897,858,975,29305,354,4100,7606,230
8/6/21,30,4434,12848,46956,26589,37396,19906,860,977,29315,355,4105,7608,230
8/7/21,30,4441,12855,46978,26602,37419,19920,860,977,29327,355,4112,7612,230
8/8/21,30,4441,12859,46980,26604,37423,19923,860,977,29331,355,4112,7611,230
8/9/21,30,4443,12864,46983,26608,37429,19925,861,977,29336,355,4112,7613,230
8/10/21,30,4439,12820,46679,26432,37267,19792,844,965,29282,357,4103,7529,231
8/11/21,30,4446,12834,46719,26460,37300,19814,844,967,29304,358,4108,7535,231
8/12/21,30,4456,12847,46757,26484,37337,19839,848,969,29321,358,4114,7537,233
8/13/21,30,4465,12853,46782,26500,37361,19861,852,971,29324,358,4121,7541,234
8/14/21,30,4468,12862,46815,26511,37396,19872,854,972,29338,358,4130,7547,234
8/15/21,30,4469,12864,46823,26517,37401,19875,854,972,29343,358,4133,7547,234
8/16/21,30,4472,12866,46825,26522,37403,19879,854,972,29346,358,4133,7548,234
8/17/21,30,4487,12892,46874,26561,37454,19900,855,972,29396,361,4139,7553,235
8/18/21,30,4500,12915,46930,26598,37509,19925,863,972,29424,362,4154,7559,235
8/19/21,30,4517,12945,47003,26647,37579,19980,867,974,29461,363,4167,7566,236
8/20/21,31,4527,12966,47053,26681,37627,20013,868,974,29489,364,4174,7574,238
8/21/21,31,4541,12992,47101,26725,37672,20045,866,979,29514,365,4190,7585,238
8/22/21,31,4544,12990,47104,26726,37674,20046,866,978,29518,365,4188,7585,238
8/23/21,31,4546,12994,47115,26733,37684,20053,867,977,29525,365,4190,7585,239
8/24/21,31,4559,13030,47174,26777,37747,20084,869,980,29559,367,4208,7599,239
8/25/21,32,4591,13056,47244,26831,37821,20122,878,980,29606,372,4223,7606,239
8/26/21,32,4609,13094,47290,26870,37884,20165,882,984,29641,375,4228,7610,240
8/27/21,32,4618,13129,47352,26909,37951,20206,888,984,29683,375,4234,7620,241
8/28/21,33,4635,13152,47415,26958,38006,20245,890,984,29717,376,4245,7628,244
8/29/21,33,4642,13164,47424,26959,38033,20249,895,984,29730,375,4252,7629,244
8/30/21,33,4645,13170,47431,26965,38043,20256,897,984,29736,375,4253,7630,244
8/31/21,33,4666,13211,47512,27014,38138,20309,900,986,29782,375,4263,7637,247
9/1/21,33,4692,13269,47584,27082,38223,20371,905,990,29833,377,4274,7649,248
9/2/21,33,4714,13300,47650,27126,38301,20424,913,992,29866,378,4286,7652,249
9/3/21,33,4728,13333,47706,27165,38364,20470,914,992,29900,379,4292,7662,251
9/4/21,33,4758,13384,47783,27226,38461,20528,920,991,29958,381,4311,7672,252
9/5/21,33,4759,13396,47795,27240,38472,20540,920,991,29965,383,4314,7673,252
9/6/21,33,4768,13407,47815,27251,38501,20554,922,993,29981,384,4316,7675,252
9/7/21,33,4776,13411,47829,27262,38516,20565,921,992,29995,385,4317,7676,252
9/8/21,33,4798,13473,47946,27340,38636,20638,925,993,30074,385,4334,7693,253
9/9/21,33,4827,13518,48037,27416,38729,20709,928,994,30128,385,4350,7705,254
9/10/21,33,4856,13579,48150,27495,38853,20805,937,994,30185,386,4370,7714,255
9/11/21,34,4864,13597,48199,27537,38888,20828,939,995,30210,386,4376,7724,256
9/12/21,34,4863,13598,48214,27543,38897,20834,941,996,30215,387,4377,7726,256
9/13/21,34,4881,13627,48264,27589,38948,20869,942,998,30256,389,4388,7731,256
9/14/21,35,4922,13674,48363,27652,39073,20944,949,1000,30313,392,4396,7744,258
9/15/21,35,4947,13728,48470,27730,39181,21022,954,1001,30381,392,4409,7758,263
9/16/21,35,4982,13778,48556,27796,39286,21092,952,1003,30439,394,4423,7770,265
9/17/21,35,5002,13808,48631,27851,39356,21136,955,1004,30487,396,4434,7783,265
9/18/21,35,5032,13839,48695,27904,39428,21201,956,1005,30521,398,4447,7787,265
9/19/21,35,5033,13837,48700,27905,39431,21201,955,1006,30532,398,4447,7788,265
9/20/21,35,5032,13846,48708,27906,39445,21209,957,1007,30536,398,4447,7787,265
9/21/21,35,5050,13897,48785,27972,39525,21267,961,1007,30596,399,4461,7794,265
9/22/21,35,5074,13938,48874,28034,39616,21333,962,1006,30655,399,4472,7805,269
9/23/21,35,5092,13986,48967,28100,39709,21403,963,1006,30713,401,4486,7812,271
9/26/21,35,5135,14073,49112,28210,39874,21503,969,1007,30810,408,4512,7834,272
9/27/21,35,5141,14082,49122,28224,39885,21508,969,1008,30826,409,4512,7834,272
9/28/21,35,5164,14110,49201,28285,39954,21563,971,1008,30863,408,4522,7852,275
9/29/21,37,5185,14160,49280,28355,40037,21634,976,1008,30903,410,4538,7864,276
9/30/21,37,5202,14191,49358,28400,40117,21686,976,1009,30951,411,4547,7871,278
10/3/21,37,5237,14269,49489,28502,40258,21766,979,1010,31049,414,4572,7878,280
10/4/21,37,5239,14262,49482,28498,40249,21768,978,1011,31048,414,4573,7877,280
10/5/21,37,5264,14313,49563,28552,40353,21833,983,1012,31107,418,4580,7884,280
10/6/21,37,5294,14363,49650,28621,40452,21898,979,1013,31159,419,4604,7894,282
10/7/21,37,5315,14411,49737,28672,40557,21946,978,1015,31227,419,4624,7901,284
10/10/21,37,5346,14481,49870,28766,40697,22041,977,1014,31303,419,4655,7922,284
10/11/21,37,5352,14484,49876,28768,40710,22041,979,1014,31314,420,4654,7925,284
10/12/21,37,5370,14520,49928,28813,40772,22088,985,1016,31350,422,4657,7929,284
10/13/21,37,5394,14566,50006,28875,40860,22157,988,1019,31388,422,4667,7940,284
10/14/21,37,5412,14609,50085,28941,40934,22208,989,1020,31442,423,4682,7952,288
10/17/21,37,5451,14683,50236,29053,41087,22334,992,1026,31548,424,4707,7966,289
10/18/21,37,5459,14686,50248,29064,41097,22339,991,1026,31560,425,4711,7966,289
10/19/21,37,5481,14733,50335,29147,41170,22407,990,1027,31613,425,4728,7974,292
10/20/21,37,5508,14772,50417,29193,41272,22421,926,1041,31754,426,4745,7990,295
10/21/21,37,5533,14812,50495,29253,41354,22464,917,1043,31824,425,4759,8008,296
10/25/21,37,5566,14863,50709,29392,41513,22562,915,1049,31952,428,4780,8024,300
10/26/21,37,5582,14902,50767,29434,41584,22599,919,1048,32010,429,4781,8034,302
10/27/21,37,5603,14939,50822,29472,41658,22646,925,1048,32052,431,4789,8040,302
10/28/21,37,5621,14978,50876,29512,41728,22689,928,1051,32094,431,4797,8051,301
10/31/21,37,5634,15003,50851,29529,41722,22699,904,1060,32115,432,4793,8042,302
11/1/21,38,5640,15010,50875,29547,41742,22711,905,1060,32128,432,4800,8046,302
11/2/21,38,5643,15033,50925,29579,41786,22745,907,1060,32148,432,4808,8049,306
11/3/21,38,5662,15069,50983,29622,41855,22783,899,1061,32194,432,4816,8062,311
11/4/21,38,5678,15093,51036,29666,41903,22827,899,1064,32226,434,4822,8066,311
11/7/21,38,5704,15125,51106,29713,41981,22871,862,1075,32305,431,4828,8085,316
11/8/21,38,5708,15129,51117,29721,41992,22878,864,1075,32315,431,4829,8085,317
11/9/21,38,5728,15161,51199,29774,42073,22943,866,1078,32355,433,4838,8090,318
11/10/21,38,5749,15196,51299,29839,42165,23012,875,1080,32407,434,4842,8101,317
11/12/21,38,5769,15230,51393,29894,42258,23064,877,1082,32468,436,4847,8112,318
11/14/21,39,5791,15271,51463,29948,42339,23123,880,1087,32508,439,4857,8121,320
11/15/21,39,5794,15279,51472,29955,42352,23128,881,1087,32517,440,4858,8124,320
11/16/21,39,5804,15311,51558,30019,42416,23179,883,1086,32556,441,4872,8139,320
11/17/21,39,5812,15350,51640,30071,42493,23243,886,1087,32589,442,4881,8149,323
11/18/21,39,5829,15384,51742,30145,42574,23311,893,1088,32633,443,4896,8161,324
11/21/21,39,5857,15422,51875,30228,42688,23410,889,1093,32696,445,4909,8169,325
11/22/21,39,5861,15429,51879,30230,42701,23416,889,1095,32704,445,4911,8167,325
11/23/21,39,5879,15474,51967,30286,42795,23476,896,1094,32767,446,4917,8174,326
11/28/21,39,5924,15555,52132,30401,42968,23604,907,1097,32870,446,4934,8193,325
11/29/21,39,5927,15571,52169,30424,43001,23628,911,1097,32888,446,4937,8195,325
11/30/21,39,5948,15590,52239,30462,43073,23679,911,1098,32924,447,4943,8208,326
12/1/21,40,5951,15612,52310,30506,43130,23726,913,1100,32955,448,4952,8210,325
12/2/21,40,5967,15647,52385,30547,43218,23791,916,1097,33003,449,4957,8218,326
12/5/21,40,5993,15694,52476,30618,43310,23810,836,1106,33185,452,4962,8240,327
12/6/21,41,5992,15694,52488,30622,43318,23807,835,1106,33197,452,4964,8241,327
12/7/21,41,6005,15724,52575,30670,43399,23860,834,1109,33245,454,4970,8249,329
12/8/21,41,6013,15743,52629,30702,43449,23897,827,1113,33283,455,4974,8251,330
12/9/21,41,6023,15762,52677,30735,43493,23927,822,1120,33320,457,4974,8251,329
12/12/21,41,6047,15804,52787,30806,43598,23985,815,1121,33400,459,4986,8264,331
12/13/21,41,6045,15812,52800,30817,43605,23993,815,1120,33411,459,4986,8265,331
12/14/21,41,6055,15838,52854,30857,43655,24030,818,1120,33442,461,4993,8272,331
12/15/21,41,6070,15860,52902,30885,43711,24074,821,1122,33465,460,4997,8277,332
12/16/21,41,6084,15890,52975,30942,43769,24125,825,1126,33499,460,5001,8287,335
12/19/21,41,6104,15930,53085,31014,43868,24201,833,1125,33562,464,5009,8305,335
12/20/21,41,6102,15927,53087,31012,43867,24202,832,1124,33560,464,5010,8307,335
12/21/21,41,6112,15963,53158,31056,43940,24235,833,1125,33617,465,5019,8314,336
12/22/21,42,6133,15989,53212,31099,43999,24281,835,1128,33649,466,5028,8319,336
12/23/21,42,6146,16008,53258,31138,44038,24311,836,1128,33685,465,5032,8323,337
12/27/21,42,6159,16030,53320,31190,44085,24342,842,1130,33720,467,5042,8326,338
12/28/21,42,6159,16050,53371,31209,44137,24380,844,1130,33739,468,5045,8330,341
12/29/21,43,6176,16075,53437,31256,44199,24427,850,1132,33768,469,5052,8343,341
12/30/21,44,6182,16108,53505,31305,44259,24472,856,1134,33798,470,5062,8347,340
1/3/22,44,6188,16118,53567,31339,44302,24508,853,1138,33823,469,5069,8351,340
1/4/22,44,6203,16161,53639,31382,44389,24552,862,1139,33873,469,5075,8356,341
1/5/22,44,6208,16157,53633,31387,44380,24561,856,1137,33860,469,5085,8345,344
1/6/22,44,6246,16232,53812,31499,44559,24669,869,1144,33969,470,5098,8372,344
1/9/22,44,6273,16283,53943,31585,44681,24763,881,1147,34042,472,5115,8382,344
1/10/22,46,6272,16289,53950,31591,44689,24774,879,1149,34044,472,5116,8382,344
1/11/22,46,6287,16319,54024,31639,44759,24820,880,1147,34102,473,5120,8387,345
1/12/22,46,6298,16354,54099,31698,44822,24869,887,1148,34141,473,5132,8395,345
1/13/22,46,6313,16374,54200,31760,44896,24935,889,1149,34179,471,5142,8404,347
1/16/22,46,6354,16436,54427,31892,45092,25063,903,1149,34290,471,5182,8429,348
1/17/22,47,6359,16441,54452,31904,45116,25076,905,1149,34300,471,5185,8436,348
1/18/22,47,6360,16448,54483,31923,45137,25086,906,1148,34316,472,5188,8444,348
1/19/22,47,6378,16481,54608,31987,45247,25138,912,1150,34383,472,5203,8467,350
1/20/22,47,6399,16527,54742,32063,45373,25211,926,1151,34460,473,5221,8475,350
1/23/22,48,6439,16615,54992,32204,45610,25346,945,1154,34591,477,5251,8510,352
1/24/22,48,6436,16621,55006,32207,45624,25355,946,1155,34594,477,5248,8513,352
1/25/22,49,6451,16661,55147,32283,45745,25438,953,1157,34657,480,5271,8528,352
1/26/22,49,6479,16705,55330,32390,45892,25543,963,1159,34744,480,5282,8546,353
1/27/22,50,6497,16737,55532,32493,46041,25647,973,1161,34833,482,5296,8569,352
1/30/22,50,6543,16820,55863,32696,46297,25825,984,1165,35006,482,5328,8611,354
1/31/22,51,6555,16836,55932,32743,46348,25854,989,1166,35047,483,5334,8619,354
2/1/22,51,6570,16871,56121,32850,46480,25967,1006,1166,35104,485,5348,8637,354
2/2/22,51,6585,16900,56258,32918,46594,26033,1011,1167,35177,485,5361,8647,354
2/3/22,51,6600,16935,56428,33011,46720,26115,1026,1169,35247,486,5371,8670,355
2/6/22,51,6632,17037,56808,33227,47018,26312,1040,1174,35417,492,5415,8727,356
2/7/22,51,6629,17061,56889,33262,47083,26352,1044,1176,35451,492,5421,8738,356
2/8/22,51,6650,17109,57092,33370,47247,26479,1062,1177,35526,493,5429,8763,358
2/9/22,51,6662,17141,57211,33438,47340,26556,1074,1177,35559,494,5435,8781,359
2/10/22,51,6683,17222,57472,33582,47556,26703,1087,1177,35681,494,5463,8809,358
2/13/22,51,6733,17330,57903,33803,47923,26970,1107,1182,35862,500,5498,8847,360
2/14/22,52,6735,17346,58000,33851,47990,27013,1112,1185,35902,501,5511,8853,360
2/15/22,52,6754,17380,58187,33944,48136,27122,1131,1185,35974,501,5525,8867,361
2/16/22,52,6770,17422,58336,34036,48250,27202,1141,1187,36040,501,5544,8880,364
2/17/22,52,6785,17475,58552,34166,48404,27317,1153,1191,36130,504,5562,8901,365
2/21/22,53,6831,17605,59025,34425,48792,27563,1171,1195,36330,506,5634,8969,373
2/22/22,54,6836,17615,59055,34450,48813,27584,1173,1195,36353,507,5635,8964,373
2/23/22,55,6858,17658,59204,34536,48941,27678,1184,1197,36415,509,5645,8981,374
2/24/22,57,6873,17707,59346,34621,49063,27784,1195,1199,36464,511,5654,8996,375
2/27/22,58,6926,17851,59856,34907,49481,28067,1215,1210,36681,513,5701,9068,379
2/28/22,59,6925,17851,59868,34912,49488,28070,1214,1210,36681,514,5699,9074,379
3/1/22,60,6945,17897,60017,34999,49618,28169,1221,1210,36737,516,5722,9090,380
3/2/22,61,6952,17930,60174,35080,49736,28256,1236,1211,36798,518,5737,9093,382
3/3/22,62,6976,17980,60326,35170,49873,28344,1237,1219,36864,518,5756,9121,385
3/6/22,63,7003,18063,60711,35368,50171,28561,1250,1230,36999,520,5797,9176,391
3/7/22,63,7003,18066,60713,35372,50173,28564,1241,1231,37017,520,5800,9179,391
3/8/22,63,7013,18104,60836,35444,50272,28631,1243,1233,37079,522,5814,9193,392
3/9/22,63,7023,18130,60960,35515,50361,28699,1245,1237,37138,523,5820,9202,395
3/10/22,63,7040,18168,61107,35602,50475,28776,1250,1237,37212,525,5837,9220,396
3/13/22,64,7066,18242,61413,35791,50691,28925,1254,1245,37364,532,5864,9281,396
3/14/22,64,7067,18242,61410,35789,50690,28932,1248,1247,37366,532,5863,9283,395
3/15/22,64,7078,18262,61514,35855,50759,28978,1242,1252,37425,534,5873,9310,395
3/16/22,64,7085,18287,61600,35896,50836,29020,1242,1255,37462,532,5881,9328,397
3/17/22,64,7099,18313,61709,35955,50926,29079,1249,1261,37517,534,5892,9336,397
3/20/22,64,7126,18371,61915,36084,51089,29194,1256,1265,37618,536,5912,9366,397
3/21/22,64,7124,18373,61928,36086,51100,29204,1255,1264,37619,537,5912,9366,397
3/22/22,64,7127,18392,61998,36132,51146,29237,1257,1264,37652,537,5924,9376,397
3/23/22,64,7135,18414,62080,36175,51214,29297,1263,1265,37679,537,5928,9383,399
3/24/22,64,7142,18431,62163,36218,51278,29348,1261,1268,37712,537,5932,9389,401
3/27/22,64,7154,18462,62265,36274,51367,29402,1260,1271,37765,539,5951,9404,403
3/28/22,65,7156,18462,62264,36275,51368,29404,1262,1272,37764,539,5951,9403,403
3/29/22,65,7166,18480,62323,36304,51426,29442,1263,1273,37792,540,5957,9412,403
3/30/22,66,7168,18491,62380,36335,51467,29474,1264,1276,37814,539,5958,9417,403
3/31/22,66,7178,18511,62442,36374,51518,29509,1272,1277,37834,540,5965,9432,403