,date,age_0_17_doses,age_18_49_doses,age_50_64_doses,age_65_doses,gender_female_doses,gender_male_doses,race_american_doses,race_asian_doses,race_black_doses,race_hawaiian_doses,race_latino_doses,race_multirace_doses,race_other_doses,race_white_doses
0,04/22/2020,0,0,0,0,0,0,0,0,0,0,0,0,0,0
1,04/23/2020,0,0,0,0,0,0,0,0,0,0,0,0,0,0
2,04/24/2020,0,0,0,0,0,0,0,0,0,0,0,0,0,0
3,04/25/2020,0,0,0,0,0,0,0,0,0,0,0,0,0,0
4,04/26/2020,0,0,0,0,0,0,0,0,0,0,0,0,0,0
5,04/27/2020,0,0,0,0,0,0,0,0,0,0,0,0,0,0
6,04/28/2020,0,0,0,0,0,0,0,0,0,0,0,0,0,0
7,04/29/2020,0,0,0,0,0,0,0,0,0,0,0,0,0,0
8,04/30/2020,0,0,0,0,0,0,0,0,0,0,0,0,0,0
9,05/01/2020,0,0,0,0,0,0,0,0,0,0,0,0,0,0
10,05/02/2020,0,0,0,0,0,0,0,0,0,0,0,0,0,0
11,05/03/2020,0,0,0,0,0,0,0,0,0,0,0,0,0,0
12,05/04/2020,0,0,0,0,0,0,0,0,0,0,0,0,0,0
13,05/05/2020,0,0,0,0,0,0,0,0,0,0,0,0,0,0
14,05/06/2020,0,0,0,0,0,0,0,0,0,0,0,0,0,0
15,05/07/2020,0,0,0,0,0,0,0,0,0,0,0,0,0,0
16,05/08/2020,0,0,0,0,0,0,0,0,0,0,0,0,0,0
17,05/09/2020,0,0,0,0,0,0,0,0,0,0,0,0,0,0
18,05/10/2020,0,0,0,0,0,0,0,0,0,0,0,0,0,0
19,05/11/2020,0,0,0,0,0,0,0,0,0,0,0,0,0,0
20,05/12/2020,0,0,0,0,0,0,0,0,0,0,0,0,0,0
21,05/13/2020,0,0,0,0,0,0,0,0,0,0,0,0,0,0
22,05/14/2020,0,0,0,0,0,0,0,0,0,0,0,0,0,0
23,05/15/2020,0,0,0,0,0,0,0,0,0,0,0,0,0,0
24,05/16/2020,0,0,0,0,0,0,0,0,0,0,0,0,0,0
25,05/17/2020,0,0,0,0,0,0,0,0,0,0,0,0,0,0
26,05/18/2020,0,0,0,0,0,0,0,0,0,0,0,0,0,0
27,05/19/2020,0,0,0,0,0,0,0,0,0,0,0,0,0,0
28,05/20/2020,0,0,0,0,0,0,0,0,0,0,0,0,0,0
29,05/21/2020,0,0,0,0,0,0,0,0,0,0,0,0,0,0
30,05/22/2020,0,0,0,0,0,0,0,0,0,0,0,0,0,0
31,05/23/2020,0,0,0,0,0,0,0,0,0,0,0,0,0,0
32,05/24/2020,0,0,0,0,0,0,0,0,0,0,0,0,0,0
33,05/25/2020,0,0,0,0,0,0,0,0,0,0,0,0,0,0
34,05/26/2020,0,0,0,0,0,0,0,0,0,0,0,0,0,0
35,05/27/2020,0,0,0,0,0,0,0,0,0,0,0,0,0,0
36,05/28/2020,0,0,0,0,0,0,0,0,0,0,0,0,0,0
37,05/29/2020,0,0,0,0,0,0,0,0,0,0,0,0,0,0
38,05/30/2020,0,0,0,0,0,0,0,0,0,0,0,0,0,0
39,05/31/2020,0,0,0,0,0,0,0,0,0,0,0,0,0,0
40,06/01/2020,0,0,0,0,0,0,0,0,0,0,0,0,0,0
41,06/02/2020,0,0,0,0,0,0,0,0,0,0,0,0,0,0
42,06/03/2020,0,0,0,0,0,0,0,0,0,0,0,0,0,0
43,06/04/2020,0,0,0,0,0,0,0,0,0,0,0,0,0,0
44,06/05/2020,0,0,0,0,0,0,0,0,0,0,0,0,0,0
45,06/06/2020,0,0,0,0,0,0,0,0,0,0,0,0,0,0
46,06/07/2020,0,0,0,0,0,0,0,0,0,0,0,0,0,0
47,06/08/2020,0,0,0,0,0,0,0,0,0,0,0,0,0,0
48,06/09/2020,0,0,0,0,0,0,0,0,0,0,0,0,0,0
49,06/10/2020,0,0,0,0,0,0,0,0,0,0,0,0,0,0
50,06/11/2020,0,0,0,0,0,0,0,0,0,0,0,0,0,0
51,06/12/2020,0,0,0,0,0,0,0,0,0,0,0,0,0,0
52,06/13/2020,0,0,0,0,0,0,0,0,0,0,0,0,0,0
53,06/14/2020,0,0,0,0,0,0,0,0,0,0,0,0,0,0
54,06/15/2020,0,0,0,0,0,0,0,0,0,0,0,0,0,0
55,06/16/2020,0,0,0,0,0,0,0,0,0,0,0,0,0,0
56,06/17/2020,0,0,0,0,0,0,0,0,0,0,0,0,0,0
57,06/18/2020,0,0,0,0,0,0,0,0,0,0,0,0,0,0
58,06/19/2020,0,0,0,0,0,0,0,0,0,0,0,0,0,0
59,06/20/2020,0,0,0,0,0,0,0,0,0,0,0,0,0,0
60,06/21/2020,0,0,0,0,0,0,0,0,0,0,0,0,0,0
61,06/22/2020,0,0,0,0,0,0,0,0,0,0,0,0,0,0
62,06/23/2020,0,0,0,0,0,0,0,0,0,0,0,0,0,0
63,06/24/2020,0,0,0,0,0,0,0,0,0,0,0,0,0,0
64,06/25/2020,0,0,0,0,0,0,0,0,0,0,0,0,0,0
65,06/26/2020,0,0,0,0,0,0,0,0,0,0,0,0,0,0
66,06/27/2020,0,0,0,0,0,0,0,0,0,0,0,0,0,0
67,06/28/2020,0,0,0,0,0,0,0,0,0,0,0,0,0,0
68,06/29/2020,0,0,0,0,0,0,0,0,0,0,0,0,0,0
69,06/30/2020,0,0,0,0,0,0,0,0,0,0,0,0,0,0
70,07/01/2020,0,0,0,0,0,0,0,0,0,0,0,0,0,0
71,07/02/2020,0,0,0,0,0,0,0,0,0,0,0,0,0,0
72,07/03/2020,0,0,0,0,0,0,0,0,0,0,0,0,0,0
73,07/04/2020,0,0,0,0,0,0,0,0,0,0,0,0,0,0
74,07/05/2020,0,0,0,0,0,0,0,0,0,0,0,0,0,0
75,07/06/2020,0,0,0,0,0,0,0,0,0,0,0,0,0,0
76,07/07/2020,0,0,0,0,0,0,0,0,0,0,0,0,0,0
77,07/08/2020,0,0,0,0,0,0,0,0,0,0,0,0,0,0
78,07/09/2020,0,0,0,0,0,0,0,0,0,0,0,0,0,0
79,07/10/2020,0,0,0,0,0,0,0,0,0,0,0,0,0,0
80,07/11/2020,0,0,0,0,0,0,0,0,0,0,0,0,0,0
81,07/12/2020,0,0,0,0,0,0,0,0,0,0,0,0,0,0
82,07/13/2020,0,0,0,0,0,0,0,0,0,0,0,0,0,0
83,07/14/2020,0,0,0,0,0,0,0,0,0,0,0,0,0,0
84,07/15/2020,0,0,0,0,0,0,0,0,0,0,0,0,0,0
85,07/16/2020,0,0,0,0,0,0,0,0,0,0,0,0,0,0
86,07/17/2020,0,0,0,0,0,0,0,0,0,0,0,0,0,0
87,07/18/2020,0,0,0,0,0,0,0,0,0,0,0,0,0,0
88,07/19/2020,0,0,0,0,0,0,0,0,0,0,0,0,0,0
89,07/20/2020,0,0,0,0,0,0,0,0,0,0,0,0,0,0
90,07/21/2020,0,0,0,0,0,0,0,0,0,0,0,0,0,0
91,07/22/2020,0,0,0,0,0,0,0,0,0,0,0,0,0,0
92,07/23/2020,0,0,0,0,0,0,0,0,0,0,0,0,0,0
93,07/24/2020,0,0,0,0,0,0,0,0,0,0,0,0,0,0
94,07/25/2020,0,0,0,0,0,0,0,0,0,0,0,0,0,0
95,07/26/2020,0,0,0,0,0,0,0,0,0,0,0,0,0,0
96,07/27/2020,1,2,1,2,1,4,1,2,2,1,2,1,1,1
97,07/28/2020,1,5,1,4,4,6,1,2,2,1,3,1,1,4
98,07/29/2020,1,6,5,7,9,9,1,2,2,1,5,1,1,9
99,07/30/2020,1,14,6,9,15,15,1,2,2,1,9,1,3,12
100,07/31/2020,1,17,7,11,16,20,1,3,2,1,9,1,3,16
101,08/01/2020,2,23,10,13,20,28,1,4,2,1,14,1,4,19
102,08/02/2020,3,24,10,16,22,31,1,5,2,1,17,1,4,20
103,08/03/2020,3,28,18,18,29,38,1,5,2,2,17,1,4,32
104,08/04/2020,5,37,23,24,40,49,1,10,2,2,20,1,6,38
105,08/05/2020,5,44,28,31,50,58,1,11,2,2,21,1,9,50
106,08/06/2020,5,50,33,38,62,65,1,11,2,2,25,1,10,60
107,08/07/2020,6,55,40,40,71,71,1,12,2,3,29,2,10,68
108,08/08/2020,6,58,40,41,72,74,1,14,2,3,29,2,10,70
109,08/09/2020,6,60,41,42,76,74,1,14,3,3,30,2,10,71
110,08/10/2020,7,68,52,52,94,86,1,16,6,3,33,2,12,90
111,08/11/2020,7,78,60,63,113,96,1,18,8,3,34,2,13,112
112,08/12/2020,7,86,76,72,132,110,2,19,8,3,39,3,14,130
113,08/13/2020,7,97,94,79,153,125,2,20,9,3,42,4,15,152
114,08/14/2020,7,108,103,85,166,138,2,22,9,3,44,4,22,165
115,08/15/2020,7,109,103,86,167,139,2,22,9,3,45,4,22,166
116,08/16/2020,8,110,105,86,169,141,2,22,9,3,46,4,22,169
117,08/17/2020,8,126,111,98,189,155,3,24,10,3,46,4,26,192
118,08/18/2020,8,132,120,106,202,165,3,24,10,4,49,4,29,203
119,08/19/2020,9,145,131,116,218,184,3,27,11,4,51,5,32,222
120,08/20/2020,9,169,142,128,240,209,3,32,12,4,58,7,35,246
121,08/21/2020,9,192,159,139,265,235,4,32,14,4,63,9,37,276
122,08/22/2020,9,198,166,143,275,242,4,35,14,4,65,9,41,284
123,08/23/2020,10,202,168,145,280,246,4,35,15,4,67,9,43,288
124,08/24/2020,10,218,187,158,301,273,4,36,16,4,71,11,47,322
125,08/25/2020,10,245,199,171,320,306,4,42,17,5,73,12,54,348
126,08/26/2020,10,271,224,190,347,349,4,45,20,6,80,13,59,390
127,08/27/2020,10,296,247,210,383,381,5,50,23,7,89,14,64,427
128,08/28/2020,10,324,266,230,413,418,6,57,25,8,96,14,70,464
129,08/29/2020,10,329,271,235,417,429,6,58,25,8,98,14,70,476
130,08/30/2020,2,331,272,236,422,429,6,58,26,8,101,14,71,476
131,08/31/2020,2,372,303,263,470,480,6,72,29,9,107,14,79,538
132,09/01/2020,2,422,338,297,533,536,7,87,35,9,124,14,91,592
133,09/02/2020,11,454,360,319,574,572,8,94,38,9,129,14,97,636
134,09/03/2020,11,482,389,336,609,611,8,100,38,9,140,15,107,675
135,09/04/2020,11,510,421,356,651,649,9,103,39,9,151,18,116,719
136,09/05/2020,11,512,424,366,658,657,9,106,39,9,151,18,119,727
137,09/06/2020,11,512,425,366,659,657,9,106,39,9,152,18,119,727
138,09/07/2020,11,516,426,366,664,657,9,106,40,9,154,18,119,729
139,09/08/2020,11,560,461,390,713,711,10,118,43,9,170,19,130,778
140,09/09/2020,11,598,490,424,761,764,10,124,45,9,180,19,142,838
141,09/10/2020,11,631,522,443,798,811,12,129,50,11,194,19,149,881
142,09/11/2020,11,663,550,463,840,849,12,133,52,11,205,19,156,925
143,09/12/2020,11,681,557,471,860,862,13,135,54,11,212,21,160,936
144,09/13/2020,11,686,559,473,864,867,13,136,56,11,213,22,161,938
145,09/14/2020,12,728,588,485,903,913,13,138,60,11,227,23,170,987
146,09/15/2020,12,759,614,509,934,963,14,143,62,11,236,26,178,1029
147,09/16/2020,13,785,632,533,967,999,15,150,66,12,242,27,185,1063
148,09/17/2020,14,813,658,549,999,1038,15,157,67,12,256,27,194,1098
149,09/18/2020,14,849,679,569,1035,1079,15,163,71,12,269,27,203,1137
150,09/19/2020,14,857,687,573,1040,1094,15,166,71,12,273,27,204,1149
151,09/20/2020,15,858,690,575,1043,1098,15,168,71,12,273,27,204,1154
152,09/21/2020,16,911,716,594,1093,1149,15,182,76,13,286,29,209,1205
153,09/22/2020,16,944,741,623,1137,1192,17,190,82,14,293,31,219,1250
154,09/23/2020,16,992,773,648,1184,1250,18,203,87,14,314,32,229,1296
155,09/24/2020,16,1020,792,664,1214,1283,19,207,90,14,323,33,235,1330
156,09/25/2020,16,1053,826,672,1252,1320,19,213,91,14,332,34,245,1366
157,09/26/2020,16,1058,827,675,1253,1328,19,214,91,14,336,34,245,1370
158,09/27/2020,16,1058,827,677,1253,1330,19,215,91,14,336,34,245,1371
159,09/28/2020,16,1085,843,695,1274,1370,20,220,92,14,343,34,255,1405
160,09/29/2020,16,1109,862,710,1303,1399,20,227,93,14,356,34,261,1431
161,09/30/2020,17,1133,880,725,1333,1427,20,230,95,14,367,35,267,1462
162,10/01/2020,3,1154,896,745,1359,1459,21,236,96,14,383,36,269,1490
163,10/02/2020,3,1165,909,749,1372,1474,21,239,97,14,390,36,270,1505
164,10/03/2020,3,1173,910,757,1380,1483,21,240,97,14,394,36,271,1515
165,10/04/2020,3,1174,910,758,1381,1484,21,240,97,14,394,36,272,1516
166,10/05/2020,3,1184,920,766,1390,1503,21,246,98,14,402,38,274,1522
167,10/06/2020,3,1198,934,773,1408,1520,21,251,98,14,411,38,277,1537
168,10/07/2020,18,1216,945,781,1425,1541,21,253,103,14,415,38,284,1555
169,10/08/2020,18,1236,957,790,1442,1565,21,259,103,15,425,38,288,1571
170,10/09/2020,19,1249,970,806,1463,1587,21,260,105,15,433,38,293,1591
171,10/10/2020,19,1259,975,817,1476,1600,21,260,105,15,437,38,294,1605
172,10/11/2020,19,1259,977,818,1478,1601,21,260,106,15,437,38,294,1607
173,10/12/2020,19,1285,985,824,1489,1630,21,264,107,16,442,39,300,1622
174,10/13/2020,19,1304,992,832,1503,1650,21,267,110,16,451,41,306,1632
175,10/14/2020,19,1320,1005,840,1522,1668,21,271,115,16,455,41,309,1647
176,10/15/2020,19,1333,1016,850,1536,1688,21,272,120,16,464,42,313,1659
177,10/16/2020,19,1349,1026,857,1550,1708,21,275,121,17,474,42,318,1670
178,10/17/2020,19,1355,1028,860,1554,1715,21,276,121,17,480,42,318,1673
179,10/18/2020,20,1357,1031,860,1557,1718,21,276,121,17,482,42,318,1677
180,10/19/2020,21,1372,1041,867,1577,1731,21,276,121,18,489,47,321,1691
181,10/20/2020,21,1381,1048,871,1588,1740,21,279,121,18,492,48,324,1699
182,10/21/2020,21,1403,1055,879,1609,1756,21,283,123,19,504,49,326,1711
183,10/22/2020,22,1411,1059,886,1618,1767,21,285,123,19,505,49,327,1727
184,10/23/2020,22,1424,1068,891,1629,1783,21,290,123,20,512,50,329,1737
185,10/24/2020,22,1434,1069,893,1632,1793,21,293,124,20,514,51,329,1741
186,10/25/2020,22,1435,1069,896,1634,1795,21,295,124,20,514,52,330,1741
187,10/26/2020,23,1449,1075,901,1646,1809,21,295,125,20,515,52,333,1756
188,10/27/2020,24,1459,1082,905,1653,1824,21,297,126,21,520,52,335,1763
189,10/28/2020,24,1466,1088,908,1660,1832,21,300,127,21,525,52,335,1768
190,10/29/2020,25,1471,1094,910,1668,1838,21,300,127,21,530,52,337,1774
191,10/30/2020,26,1475,1103,913,1679,1844,22,306,128,21,530,52,337,1779
192,10/31/2020,26,1482,1106,914,1684,1850,23,309,128,21,533,52,337,1782
193,11/01/2020,5,1500,1115,926,1702,1873,23,314,131,21,547,53,337,1797
194,11/02/2020,5,1510,1121,937,1718,1885,23,318,133,21,550,54,339,1809
195,11/03/2020,5,1515,1124,944,1728,1890,23,319,133,21,556,55,340,1814
196,11/04/2020,5,1521,1135,956,1744,1903,23,323,136,21,558,56,341,1831
197,11/05/2020,36,1550,1151,977,1778,1940,23,353,136,21,576,60,342,1848
198,11/06/2020,31,1551,1155,979,1780,1946,23,354,136,21,577,60,343,1853
199,11/07/2020,31,1552,1157,980,1782,1948,23,354,136,21,579,60,343,1855
200,11/08/2020,31,1555,1159,982,1786,1951,24,356,136,21,580,60,343,1858
201,11/09/2020,31,1561,1165,986,1791,1962,24,358,136,21,580,61,343,1867
202,11/10/2020,31,1575,1171,996,1804,1979,24,361,137,21,586,62,344,1880
203,11/11/2020,34,1597,1183,1011,1826,2009,24,366,138,21,597,63,347,1907
204,11/12/2020,36,1611,1186,1017,1834,2026,24,369,138,21,603,63,349,1917
205,11/13/2020,38,1634,1198,1019,1850,2049,24,370,139,22,611,65,353,1936
206,11/14/2020,38,1648,1202,1020,1856,2062,24,372,140,22,613,66,357,1945
207,11/15/2020,38,1660,1207,1023,1864,2074,24,374,141,22,618,66,358,1954
208,11/16/2020,39,1685,1217,1027,1882,2096,24,381,141,22,626,67,358,1974
209,11/17/2020,39,1703,1227,1033,1894,2118,24,381,142,22,633,68,364,1991
210,11/18/2020,43,1722,1234,1042,1914,2137,24,383,142,22,645,68,367,2013
211,11/19/2020,51,1727,1247,1052,1927,2154,24,386,144,22,648,69,367,2031
212,11/20/2020,47,1752,1263,1060,1949,2184,24,393,145,22,658,70,371,2056
213,11/21/2020,47,1755,1265,1064,1953,2189,24,394,146,23,658,70,372,2061
214,11/22/2020,47,1764,1274,1072,1967,2201,24,395,147,23,660,70,373,2078
215,11/23/2020,52,1774,1284,1081,1983,2220,24,398,150,23,672,71,374,2092
216,11/24/2020,60,1781,1297,1087,2000,2237,24,401,154,23,674,71,375,2114
217,11/25/2020,63,1785,1303,1093,2007,2249,24,402,156,23,676,71,377,2123
218,11/26/2020,63,1791,1304,1096,2014,2252,24,404,157,23,677,71,377,2127
219,11/27/2020,64,1796,1310,1102,2019,2265,24,407,158,23,679,71,380,2135
220,11/28/2020,64,1802,1317,1104,2027,2272,24,410,158,23,680,71,380,2143
221,11/29/2020,64,1805,1319,1105,2029,2276,24,411,158,23,681,71,381,2146
222,11/30/2020,67,1818,1329,1117,2051,2292,25,419,160,23,690,71,384,2160
223,12/01/2020,73,2019,1465,1208,2316,2459,27,487,177,27,787,91,407,2347
224,12/02/2020,84,2070,1501,1227,2381,2510,27,509,183,27,802,97,420,2395
225,12/03/2020,93,2126,1542,1250,2459,2561,27,531,187,27,822,103,433,2451
226,12/04/2020,98,2155,1563,1264,2494,2594,28,548,192,27,838,105,434,2475
227,12/05/2020,98,2174,1582,1275,2514,2623,29,558,195,27,846,107,438,2490
228,12/06/2020,98,2192,1596,1283,2531,2646,29,570,199,27,851,107,438,2504
229,12/07/2020,103,2230,1634,1300,2580,2694,29,594,204,27,873,109,449,2531
230,12/08/2020,106,2288,1665,1324,2646,2743,33,617,209,28,903,112,454,2569
231,12/09/2020,117,2311,1678,1337,2675,2767,33,625,213,28,909,116,459,2594
232,12/10/2020,113,2341,1704,1357,2714,2805,33,638,219,28,924,118,464,2621
233,12/11/2020,123,2397,1726,1375,2756,2862,34,651,228,28,952,121,471,2647
234,12/12/2020,115,2450,1749,1383,2816,2887,34,673,230,30,967,123,474,2675
235,12/13/2020,117,2482,1767,1397,2860,2909,34,683,235,31,983,125,478,2698
236,12/14/2020,124,2530,1815,1414,2929,2959,35,700,241,34,1013,129,486,2734
237,12/15/2020,146,3509,2167,1525,3690,3643,39,1064,315,43,1196,172,564,3321
238,12/16/2020,147,9788,4995,2249,9173,7962,82,3598,648,116,2687,558,1208,7038
239,12/17/2020,166,28638,13807,4465,26251,20693,166,11532,1630,361,7623,1879,2986,18254
240,12/18/2020,176,60403,28690,8011,55824,40865,313,24411,3163,713,15539,4014,6394,37534
241,12/19/2020,188,78372,36173,9934,72667,51340,370,31915,4045,920,19755,5234,7974,47893
242,12/20/2020,197,92109,41642,11182,85913,58499,422,37730,4728,1074,22907,6305,9157,55393
243,12/21/2020,217,126411,57322,14817,120062,77821,608,50879,6509,1552,32281,8502,12878,75438
244,12/22/2020,243,161003,73131,18599,155123,96852,762,64630,8417,2060,41202,10598,16426,96053
245,12/23/2020,286,195355,89012,22913,190328,116111,981,78288,10419,2604,50276,12774,20204,116733
246,12/24/2020,271,211434,96508,25079,205786,126379,1049,85040,11589,2887,54295,13741,22338,125784
247,12/25/2020,273,213005,97193,25354,207463,127226,1052,85775,11712,2931,54661,13816,22496,126577
248,12/26/2020,318,223254,101641,26423,217658,132784,1089,89795,12296,3114,56978,14260,23527,132644
249,12/27/2020,325,229950,104382,27120,223978,136591,1130,92107,12657,3254,58621,14588,24373,136582
250,12/28/2020,360,259633,119370,32238,255726,154622,1333,102697,14724,3826,67493,16358,29183,155263
251,12/29/2020,413,292148,136046,39286,292071,174477,1553,114299,17200,4467,78501,18364,34336,175903
252,12/30/2020,500,331240,155545,48880,336487,198228,1879,128303,20367,5166,91823,21007,41377,200168
253,12/31/2020,513,350115,164838,52763,356937,209787,2062,135487,22117,5463,98759,22161,43356,211413
254,01/01/2021,573,353029,166707,54885,360855,212834,2088,136641,22393,5511,100062,22359,43669,214678
255,01/02/2021,596,364037,172108,58183,373914,219497,2155,141102,23143,5662,103580,22989,46530,221413
256,01/03/2021,628,368342,173775,59178,378222,222180,2178,142804,23449,5716,104875,23214,47177,223892
257,01/04/2021,691,396311,187931,66974,409621,240643,2422,153307,25790,6099,114248,25069,51926,242368
258,01/05/2021,752,430493,205476,76367,447688,263606,2691,165681,28646,6621,126705,27216,57397,264597
259,01/06/2021,815,476480,228297,87159,496851,293904,3047,182982,32049,7305,142909,30267,63997,292959
260,01/07/2021,882,535341,257087,100448,558708,332731,3582,206336,36099,8057,162554,34274,71265,329642
261,01/08/2021,969,604412,290344,114682,633222,374530,4035,233272,40661,8926,186047,38879,79219,372107
262,01/09/2021,1000,633755,302978,120408,664340,391017,4133,246270,42166,9278,194467,40760,82726,389392
263,01/10/2021,1027,649971,309487,123383,680932,400112,4191,253754,42941,9447,198649,42027,84164,398911
264,01/11/2021,1138,713438,339522,141985,752700,440246,4643,278969,47060,10301,218095,46136,93921,441916
265,01/12/2021,1281,781937,372429,163118,830402,484907,5233,305771,51336,11182,239527,50699,103605,490645
266,01/13/2021,1433,850607,405045,189687,912366,530586,5786,333447,56019,12045,262199,55265,114268,541838
267,01/14/2021,1552,914690,437326,226272,995818,579896,6534,359993,60885,12860,285946,59667,125236,597215
268,01/15/2021,1697,984899,472462,272365,1092492,634464,7070,389661,66186,13741,314275,64807,135872,661875
269,01/16/2021,1794,1018728,488542,308866,1146509,666694,7247,406897,68678,14164,328160,67300,141962,702830
270,01/17/2021,1836,1033999,496700,335748,1176842,686580,7331,417120,69924,14372,334524,68670,145711,728309
271,01/18/2021,1968,1065620,513991,378937,1233624,721880,7567,433922,72563,14877,349447,71415,153583,770731
272,01/19/2021,2139,1122121,546302,442246,1323484,784009,8304,460814,78087,15720,375282,76396,165770,840663
273,01/20/2021,2358,1180274,578270,525067,1425891,854446,9034,490762,83860,16579,405680,81816,178930,921706
274,01/21/2021,2534,1231093,608141,631374,1534764,932307,9685,522765,89723,17323,437653,87520,190229,1013787
275,01/22/2021,2677,1281059,636864,733369,1641799,1005773,10321,554030,95660,18122,470030,92898,200844,1101320
276,01/23/2021,2783,1309025,652899,807244,1711431,1053902,10711,576039,98725,18581,490140,96281,209390,1158548
277,01/24/2021,2854,1321925,660559,850683,1748749,1080563,10819,588398,100241,18790,499118,98009,213103,1192138
278,01/25/2021,2979,1363466,685729,939534,1838787,1145826,11328,616451,105646,19564,525620,102733,224267,1265143
279,01/26/2021,3119,1409797,714663,1045722,1943886,1221940,12068,648363,112253,20475,556949,108156,236852,1351918
280,01/27/2021,3269,1459605,744497,1161462,2057540,1303435,12784,680935,119445,21378,591377,114000,250119,1445456
281,01/28/2021,3429,1507576,773599,1285695,2174030,1387934,13593,714985,126614,22228,627398,119945,262325,1542573
282,01/29/2021,3577,1557585,802702,1403033,2291079,1467131,14296,749624,134199,23061,663862,125623,275166,1632780
283,01/30/2021,3715,1581660,817346,1497283,2368452,1522582,14621,771952,138203,23560,686231,129042,282904,1701145
284,01/31/2021,3765,1592589,824513,1554746,2411839,1554628,14749,784522,140255,23769,696325,130842,287290,1742849
285,02/01/2021,3924,1636205,850830,1659898,2513269,1628187,15323,813640,147287,24514,726866,135538,301669,1824725
286,02/02/2021,4127,1685212,880530,1781271,2627570,1713568,16212,846606,155408,25387,763559,140922,315303,1918613
287,02/03/2021,4344,1742800,914586,1915980,2758560,1808776,17144,884352,164786,26359,804744,146890,332577,2023773
288,02/04/2021,4534,1805257,952387,2058453,2899771,1909988,18144,925075,174759,27411,850668,153729,350070,2135839
289,02/05/2021,4758,1881111,995742,2202391,3056987,2015553,19122,970357,185529,28656,902133,161728,368231,2251557
290,02/06/2021,4926,1917415,1017492,2309841,3154573,2083109,19631,999730,191699,29277,931727,166471,378905,2331347
291,02/07/2021,5012,1932398,1026724,2357546,3197065,2112544,19763,1013959,193912,29497,942402,168337,383008,2367401
292,02/08/2021,5203,1982162,1056727,2471031,3309324,2193479,20436,1048417,201402,30308,977810,173874,394985,2458414
293,02/09/2021,5439,2043770,1094414,2594711,3439313,2286488,21456,1087876,210251,31150,1019526,180856,408704,2562709
294,02/10/2021,5706,2117682,1137131,2741078,3592941,2395736,22417,1135621,220110,32240,1070057,188783,424013,2684644
295,02/11/2021,5980,2189511,1181716,2904304,3754422,2513694,23737,1180126,230934,33356,1126553,196853,439607,2817060
296,02/12/2021,6254,2266223,1227637,3068971,3922636,2632613,24852,1223471,242566,34613,1185439,205504,455035,2955747
297,02/13/2021,6386,2303435,1251495,3182964,4024882,2705228,25319,1252568,248669,35293,1217027,210531,464061,3044945
298,02/14/2021,6484,2320390,1263266,3254237,4082763,2747326,25525,1270859,251545,35626,1233642,213389,468880,3097521
299,02/15/2021,6657,2349474,1282999,3355306,4168501,2811445,25831,1295150,257025,36172,1261447,217453,477611,3173070
300,02/16/2021,6889,2405919,1321147,3524900,4317200,2926734,26861,1337712,267419,37122,1311323,225192,492396,3304545
301,02/17/2021,7157,2464993,1359932,3701851,4472897,3045423,27805,1380996,277901,38143,1364004,232878,508031,3440719
302,02/18/2021,7466,2530872,1402985,3882683,4638197,3169507,28881,1426191,288690,39187,1421701,240954,523674,3583655
303,02/19/2021,7784,2598955,1446459,4040375,4795268,3281281,29709,1469553,299996,40169,1477450,248799,537834,3711685
304,02/20/2021,8080,2636152,1473193,4141548,4891078,3350693,30375,1497101,305612,40750,1510272,253323,545648,3794795
305,02/21/2021,8245,2656764,1486240,4201081,4944739,3390289,30564,1512899,309165,41099,1526035,255615,550816,3843101
306,02/22/2021,8527,2702528,1515851,4307209,5047635,3468943,31260,1540892,316234,41800,1561306,260564,561999,3932184
307,02/23/2021,8828,2761448,1554856,4459385,5188314,3578231,32376,1581304,325597,42638,1611514,267061,575939,4052882
308,02/24/2021,9247,2835740,1605255,4645074,5363006,3713826,33326,1631015,336671,43681,1674864,275193,593380,4203037
309,02/25/2021,9724,2924467,1665232,4848230,5561379,3867181,34609,1685514,349895,44924,1750904,284294,612374,4370876
310,02/26/2021,10267,3031637,1733394,5059478,5781380,4033740,35941,1748435,364281,46329,1839601,295164,631655,4547995
311,02/27/2021,10765,3104154,1781011,5215125,5940546,4150224,36558,1798078,374711,47366,1902092,303137,645358,4671992
312,02/28/2021,11099,3146081,1805518,5296949,6025782,4213276,36905,1826373,380404,47847,1931809,307144,652105,4742480
313,03/01/2021,11612,3228649,1857168,5432820,6177944,4331365,37709,1870282,390919,48842,1992027,314045,665305,4869088
314,03/02/2021,12277,3331874,1921013,5589491,6356842,4476369,38744,1925344,404650,50014,2068325,322579,680988,5014500
315,03/03/2021,13040,3451655,1994845,5761875,6560251,4638885,39917,1984525,419514,51321,2154719,331832,699967,5179680
316,03/04/2021,14085,3582802,2074279,5936001,6772495,4811273,41327,2047631,435071,52679,2249064,341513,719962,5350023
317,03/05/2021,15081,3721626,2156578,6086039,6982484,4972473,42396,2108648,450000,54082,2347094,350934,740342,5507055
318,03/06/2021,16050,3830333,2221685,6189229,7139189,5092602,43319,2156455,460934,55130,2420229,358281,754931,5623201
319,03/07/2021,16817,3889148,2254506,6240462,7219167,5155465,43625,2185808,466969,55764,2452551,361612,762298,5684633
320,03/08/2021,17952,3985959,2312613,6324007,7349047,5264474,44388,2228516,476575,56751,2512267,367324,775832,5785309
321,03/09/2021,19186,4103994,2385357,6445209,7518712,5407321,45549,2280563,489679,58018,2592144,375361,795128,5915555
322,03/10/2021,20459,4235502,2468859,6574467,7705567,5564715,46512,2335610,503612,59308,2683787,383991,814705,6060606
323,03/11/2021,21828,4388214,2569292,6719208,7920816,5747771,48092,2398694,520527,60833,2789167,394057,838065,6226776
324,03/12/2021,23307,4551611,2673321,6868755,8152085,5933882,49673,2464466,539102,62478,2903787,404726,862698,6395830
325,03/13/2021,24711,4676605,2750096,6965793,8317135,6068551,50511,2515997,550516,63716,2989389,412023,880480,6513190
326,03/14/2021,25756,4746310,2793157,7015298,8406891,6141958,50899,2549670,557608,64419,3029185,416134,889148,6578767
327,03/15/2021,27397,4866140,2878036,7114626,8569697,6284313,51784,2599877,570026,65697,3108410,423267,907437,6706571
328,03/16/2021,29334,5023961,2989189,7234925,8775698,6468927,53070,2662757,586535,67169,3210871,433062,930285,6869424
329,03/17/2021,31697,5196415,3114399,7344371,8990812,6662513,54427,2727536,603552,68803,3325233,443440,953273,7034271
330,03/18/2021,34108,5376172,3245358,7456846,9217550,6860603,55816,2792530,621451,70512,3443060,453800,977612,7207559
331,03/19/2021,36767,5571671,3377970,7559860,9450895,7059826,57222,2861175,639959,72136,3569122,464750,1003505,7374535
332,03/20/2021,39112,5716730,3479012,7622794,9617743,7203789,57998,2914224,653551,73376,3662430,472295,1022460,7489097
333,03/21/2021,40706,5794476,3529764,7645130,9698744,7274976,58379,2943390,660298,74106,3703314,475725,1031122,7547926
334,03/22/2021,43294,5928487,3624786,7700484,9849363,7410969,59179,2991529,672331,75313,3780916,482661,1048511,7662999
335,03/23/2021,46300,6108135,3747106,7772321,10045938,7590571,60410,3054363,688408,76837,3886305,492098,1070252,7811281
336,03/24/2021,50085,6306144,3876195,7850457,10262217,7782487,61698,3121183,704690,78439,4002617,502242,1094385,7971003
337,03/25/2021,54022,6521139,4017755,7932127,10494699,7991185,63196,3195566,722161,80168,4129209,513001,1120246,8141464
338,03/26/2021,58483,6746788,4160333,8018385,10741115,8202533,64705,3270714,739799,82019,4270024,524814,1146282,8312994
339,03/27/2021,62083,6913350,4262391,8075548,10918340,8353823,65550,3331605,752232,83525,4370106,533465,1164766,8430716
340,03/28/2021,64744,7007542,4316074,8103256,11012873,8437020,65943,3372076,759021,84283,4417982,537880,1173971,8495259
341,03/29/2021,68795,7171478,4420927,8159612,11185982,8592587,66833,3430829,772070,85667,4511559,545785,1193386,8620641
342,03/30/2021,74127,7378824,4559000,8230201,11405942,8793063,68130,3503017,788511,87361,4637462,555796,1217166,8780302
343,03/31/2021,80159,7601094,4706424,8302387,11641399,9004359,69306,3577004,805915,89193,4773343,566325,1243147,8949602
344,04/01/2021,86413,7835545,4914999,8373212,11911389,9253236,70908,3666720,824938,91287,4920895,578374,1272104,9152674
345,04/02/2021,92269,8071620,5110157,8435726,12173819,9488909,72355,3755292,844370,93459,5068514,589687,1300993,9338139
346,04/03/2021,97135,8245468,5241703,8471200,12352544,9654390,73191,3822088,856478,94836,5175381,597701,1321201,9458300
347,04/04/2021,98995,8317443,5292046,8484548,12422888,9721127,73503,3856673,861736,95456,5210297,601131,1328490,9506599
348,04/05/2021,103808,8490999,5444013,8528028,12615146,9901756,74523,3925300,875804,96993,5312527,609566,1351670,9650676
349,04/06/2021,110755,8723420,5632294,8580615,12859842,10136224,76088,4011386,893948,99028,5447378,620938,1381313,9832871
350,04/07/2021,119105,8974548,5818922,8631394,13112454,10379260,77602,4098884,913269,101095,5593750,632563,1411157,10015855
351,04/08/2021,128294,9242162,6012514,8684949,13380020,10634358,79328,4190201,933683,103207,5747931,644913,1443642,10209103
352,04/09/2021,138176,9520616,6194996,8734220,13648871,10883748,81084,4285497,953412,105467,5905531,656923,1476935,10389565
353,04/10/2021,145749,9737557,6325128,8767449,13844074,11075415,82135,4359124,966965,107253,6035786,665474,1501369,10512347
354,04/11/2021,150826,9853722,6387815,8780836,13942917,11173425,82600,4403594,973615,108228,6092229,669961,1512836,10579336
355,04/12/2021,158524,10049230,6508628,8813326,14121774,11350274,83551,4472442,986808,109872,6195031,677708,1536730,10704924
356,04/13/2021,169699,10312811,6650087,8849386,14348501,11574676,84858,4558612,1003493,111748,6330510,688372,1564766,10864712
357,04/14/2021,183948,10591398,6792885,8885872,14585858,11808364,85995,4648076,1020666,113789,6473517,699344,1593873,11030786
358,04/15/2021,203140,10913233,6927799,8923003,14843128,12062884,87323,4751339,1038574,115878,6620718,711447,1625160,11212781
359,04/16/2021,222798,11223161,7062945,8957359,15095343,12308322,88646,4850957,1055473,118029,6772913,722951,1656207,11381964
360,04/17/2021,242341,11450907,7155009,8978321,15274174,12489093,89467,4925765,1067842,119573,6892465,731018,1679276,11491699
361,04/18/2021,251830,11558920,7199114,8986694,15357696,12575144,89840,4966318,1073697,120376,6940109,734932,1689494,11547969
362,04/19/2021,264991,11761065,7293735,9010512,15523183,12742731,90684,5031903,1085995,121895,7036051,742867,1711702,11665244
363,04/20/2021,282011,12027755,7413637,9039721,15736224,12961573,91934,5115735,1101607,123789,7166354,752680,1738223,11816535
364,04/21/2021,303085,12308287,7540938,9070694,15964487,13192424,93258,5204312,1118095,125730,7308855,763170,1766722,11973364
365,04/22/2021,320486,12585174,7693240,9102313,16201953,13432226,94528,5295308,1135177,127930,7453387,773854,1795755,12140725
366,04/23/2021,339072,12859556,7840238,9132310,16437682,13665319,95815,5385401,1151995,130128,7601881,784305,1825118,12297924
367,04/24/2021,358206,13063594,7942190,9150338,16606107,13839218,96666,5454100,1163769,131826,7721694,791748,1845914,12399882
368,04/25/2021,368038,13160078,7985498,9158334,16682782,13919964,97041,5490078,1169265,132625,7769410,795353,1855504,12449600
369,04/26/2021,379981,13342325,8088725,9180539,16840925,14080908,97877,5549661,1181761,134161,7866302,801869,1877856,12558096
370,04/27/2021,393380,13564705,8217192,9207745,17033872,14278676,99107,5619878,1196299,135923,7987907,810096,1902914,12694653
371,04/28/2021,408583,13782863,8334841,9234455,17220982,14468657,100186,5686193,1211229,137813,8109671,818063,1926050,12823313
372,04/29/2021,423635,13999664,8465289,9260823,17414154,14663359,101345,5754612,1226006,139693,8232768,826314,1950130,12957015
373,04/30/2021,440625,14231134,8595033,9285810,17617447,14862230,102503,5828934,1241508,141802,8363649,834388,1977306,13087268
374,05/01/2021,455581,14387982,8675644,9300052,17748678,14997172,103176,5882509,1251058,143059,8460113,840077,1993851,13162944
375,05/02/2021,462460,14463623,8710184,9306339,17808552,15060271,103492,5912135,1255414,143682,8498253,842921,2001447,13199382
376,05/03/2021,472555,14611841,8796393,9322956,17937102,15192215,104203,5962979,1265775,144919,8576331,848581,2020389,13286415
377,05/04/2021,485966,14816157,8898675,9345216,18104929,15366027,105263,6028788,1278854,146476,8683758,855607,2042995,13400346
378,05/05/2021,503193,15033323,8996034,9367747,18279111,15545321,106172,6098263,1292542,148150,8796337,863234,2065333,13515766
379,05/06/2021,523857,15274675,9084741,9388999,18461672,15733861,107237,6174549,1306099,149843,8909789,871485,2089277,13637853
380,05/07/2021,545892,15515000,9171924,9408589,18644371,15919439,108256,6251700,1319289,151522,9027847,879433,2113837,13751177
381,05/08/2021,565597,15676146,9225198,9419465,18761959,16046420,108831,6306224,1327961,152650,9112187,884491,2130527,13818007
382,05/09/2021,574460,15745863,9243025,9423389,18808789,16099776,109044,6332375,1331220,153117,9142420,886798,2136704,13846861
383,05/10/2021,587110,15888357,9292194,9436429,18913233,16212149,109600,6375786,1339763,154188,9207929,891201,2153303,13916289
384,05/11/2021,604337,16077856,9356298,9453916,19052939,16360191,110518,6429543,1351046,155555,9301932,897115,2172960,14008337
385,05/12/2021,628815,16260989,9416141,9471015,19191855,16505289,111277,6482666,1362382,156951,9394899,903267,2192843,14098194
386,05/13/2021,699068,16450352,9472029,9487329,19354720,16673347,112216,6547122,1374829,158551,9497407,911762,2215222,14206621
387,05/14/2021,777151,16652964,9532986,9503944,19531939,16853510,113253,6616424,1388009,160220,9611973,920454,2242033,14317423
388,05/15/2021,857594,16809130,9578627,9514987,19673853,17004274,114010,6674788,1398147,161754,9716508,927896,2264169,14396613
389,05/16/2021,900868,16888156,9599565,9519687,19744652,17081181,114404,6708429,1403127,162493,9762850,931929,2274658,14439472
390,05/17/2021,953101,17031934,9642582,9532492,19867118,17210004,115133,6753845,1413403,163765,9844248,937793,2295332,14516536
391,05/18/2021,1008432,17205159,9694199,9548607,20011300,17361350,116020,6806663,1425732,165321,9945862,944048,2317319,14605188
392,05/19/2021,1068002,17370554,9743515,9564364,20153252,17508743,116935,6858050,1437680,166876,10048052,950373,2338927,14688769
393,05/20/2021,1116573,17533991,9794188,9580402,20289763,17650237,117839,6904116,1449558,168380,10148343,955996,2360403,14769267
394,05/21/2021,1168797,17708671,9848830,9596200,20436118,17800498,118833,6958594,1461454,169987,10255805,962083,2383775,14849590
395,05/22/2021,1216911,17828751,9885900,9605596,20539482,17911284,119479,6996095,1469686,171182,10343017,966396,2400897,14900144
396,05/23/2021,1236606,17883556,9902018,9609767,20584348,17961025,119771,7014337,1473440,171745,10379276,968510,2407996,14923267
397,05/24/2021,1262904,17991348,9936537,9620913,20671889,18052902,120360,7043508,1481658,172733,10443169,972003,2424368,14972764
398,05/25/2021,1291335,18111380,9974567,9633699,20769157,18154418,121106,7073382,1490669,173753,10519696,975605,2440486,15027423
399,05/26/2021,1321757,18227347,10009961,9645881,20864234,18252921,121741,7103326,1499435,174846,10595311,979193,2455598,15079150
400,05/27/2021,1348442,18335727,10043983,9657799,20953471,18344253,122347,7130217,1508069,175840,10666848,982476,2470269,15126040
401,05/28/2021,1381423,18451501,10081764,9669605,21052079,18443575,123063,7163644,1516958,176936,10743067,986024,2487416,15175488
402,05/29/2021,1400065,18517866,10103000,9675517,21105195,18502404,123413,7184448,1521707,177598,10789500,987993,2495719,15200253
403,05/30/2021,1407622,18548111,10112373,9678077,21128468,18528814,123554,7194543,1523561,177891,10808669,989009,2499472,15211766
404,05/31/2021,1409744,18561559,10116796,9679645,21138865,18539903,123633,7198072,1524503,178030,10817476,989364,2501228,15216428
405,06/01/2021,1433542,18668603,10151504,9691937,21225981,18630289,124293,7225808,1533081,179001,10883071,992465,2517197,15264734
406,06/02/2021,1458858,18755551,10179104,9702023,21299759,18706123,124841,7248416,1540321,179829,10940869,995376,2529742,15304070
407,06/03/2021,1519889,18837922,10205318,9711644,21388665,18795914,125411,7276811,1548081,180726,11004329,999943,2543905,15356299
408,06/04/2021,1597913,18929182,10235553,9721556,21493733,18899774,126134,7312498,1556455,181756,11079333,1005172,2561508,15413970
409,06/05/2021,1670411,18994843,10256313,9727445,21573664,18984346,126592,7342453,1562448,182590,11141602,1009697,2575277,15455522
410,06/06/2021,1703137,19019855,10263736,9729435,21606203,19018827,126794,7355633,1564635,182919,11165171,1011817,2580282,15473857
411,06/07/2021,1758014,19081722,10283040,9736550,21677017,19090886,127270,7379150,1571037,183655,11215335,1015280,2594315,15512779
412,06/08/2021,1817855,19156319,10306092,9745305,21759723,19174081,127815,7404718,1578414,184529,11279685,1018816,2609100,15555998
413,06/09/2021,1875800,19228544,10327838,9753769,21839795,19254051,128389,7430248,1585752,185447,11341893,1022353,2623375,15596008
414,06/10/2021,1928597,19299647,10349891,9762416,21917124,19330967,128940,7453661,1592810,186215,11401637,1025653,2637221,15635811
415,06/11/2021,1983521,19378537,10374913,9771218,22001214,19414202,129632,7481573,1600370,187122,11466262,1029298,2652624,15676051
416,06/12/2021,2027737,19433362,10392223,9776208,22060410,19476066,130050,7502854,1605477,187823,11516153,1031871,2663655,15701778
417,06/13/2021,2043336,19456157,10399069,9778074,22082798,19500707,130185,7511052,1607155,188072,11536039,1032992,2667423,15711970
418,06/14/2021,2079637,19516365,10417183,9784738,22143429,19561197,130622,7529725,1612685,188722,11582293,1035546,2679398,15741917
419,06/15/2021,2116927,19588580,10438362,9793075,22212154,19631220,131121,7549274,1619141,189434,11639736,1038213,2691694,15775430
420,06/16/2021,2153636,19653706,10456847,9800472,22276475,19694257,131553,7567849,1625280,190119,11692470,1040626,2703263,15805148
421,06/17/2021,2186533,19717794,10474847,9807482,22337755,19754649,131962,7584990,1631104,190765,11743373,1042907,2714188,15832945
422,06/18/2021,2224513,19788573,10495802,9814651,22406962,19822017,132508,7606353,1637497,191507,11798019,1045481,2727449,15864372
423,06/19/2021,2247528,19830451,10508442,9818294,22446166,19863867,132763,7620041,1641070,191946,11832632,1046971,2734677,15880843
424,06/20/2021,2255723,19848847,10513459,9819778,22462141,19880932,132881,7626409,1642337,192127,11845800,1047743,2737242,15887972
425,06/21/2021,2272861,19891289,10525714,9824286,22500122,19919167,133168,7636870,1645916,192527,11875509,1049101,2745519,15906336
426,06/22/2021,2299696,19948080,10542280,9830914,22553694,19972213,133625,7652062,1651351,193094,11918673,1051041,2755728,15931543
427,06/23/2021,2324832,20001451,10557535,9837195,22603588,20022192,134002,7666146,1656378,193638,11960284,1052834,2765178,15954125
428,06/24/2021,2348302,20053159,10573049,9843339,22652152,20070285,134376,7679507,1661277,194120,12000456,1054601,2774594,15975887
429,06/25/2021,2377118,20111740,10591333,9849720,22708592,20125679,134844,7696813,1666655,194729,12046019,1056574,2785310,16000729
430,06/26/2021,2396987,20149197,10602870,9853137,22743627,20162791,135083,7708727,1669907,195078,12077684,1057919,2791865,16014637
431,06/27/2021,2405071,20167970,10608049,9854598,22759505,20180366,135196,7714703,1671162,195245,12091768,1058579,2794829,16021380
432,06/28/2021,2426219,20207706,10619555,9858745,22797713,20218566,135511,7726395,1674960,195654,12121445,1060015,2803107,16038553
433,06/29/2021,2448817,20254863,10633676,9864235,22842495,20262967,135877,7738691,1679610,196138,12158794,1061625,2811554,16058703
434,06/30/2021,2470264,20299695,10646766,9869790,22885279,20304955,136218,7750349,1684218,196634,12194106,1063046,2819955,16077576
435,07/01/2021,2490448,20341941,10659237,9875072,22925827,20344464,136535,7761508,1688539,197054,12226775,1064482,2827847,16095780
436,07/02/2021,2513227,20388707,10674153,9880664,22971603,20388568,136954,7775402,1693160,197562,12263609,1066132,2836610,16115205
437,07/03/2021,2524881,20415328,10682591,9883265,22995428,20413990,137146,7783744,1695300,197812,12285145,1067017,2841016,16124691
438,07/04/2021,2520641,20417544,10683407,9883517,22997224,20416075,137166,7784227,1695397,197823,12286790,1067076,2841459,16125326
439,07/05/2021,2535027,20441577,10690760,9886133,23018778,20438012,137332,7792172,1697330,198059,12303651,1067996,2845481,16134949
440,07/06/2021,2558638,20489540,10705213,9892053,23065601,20483017,137655,7804910,1702350,198538,12340961,1069531,2855471,16155432
441,07/07/2021,2578286,20531711,10717116,9897199,23105366,20522003,137936,7814928,1706755,198917,12373778,1070898,2863602,16172786
442,07/08/2021,2596664,20572022,10728932,9902240,23143721,20559062,138228,7824383,1710807,199283,12405594,1072165,2871133,16189782
443,07/09/2021,2617560,20619351,10743334,9907512,23188531,20602033,138580,7835883,1715610,199739,12441960,1073681,2880202,16209351
444,07/10/2021,2631398,20649124,10752226,9910160,23215307,20630355,138774,7843525,1718284,199994,12467123,1074584,2885589,16219958
445,07/11/2021,2637027,20663489,10756094,9911367,23227350,20643360,138882,7847488,1719310,200119,12477927,1075036,2887776,16225104
446,07/12/2021,2654538,20700936,10766884,9915560,23262339,20678228,139137,7857094,1723019,200487,12505405,1076217,2895867,16240824
447,07/13/2021,2672627,20741115,10778152,9920293,23299698,20715040,139441,7865958,1727236,200902,12536906,1077476,2903270,16257669
448,07/14/2021,2689809,20779612,10789416,9924975,23335718,20750552,139714,7874452,1731392,201276,12567041,1078700,2910911,16273693
449,07/15/2021,2707430,20818477,10800519,9929642,23372117,20786297,139981,7882729,1735604,201648,12597746,1079932,2918580,16289966
450,07/16/2021,2728375,20865442,10814950,9934901,23416315,20829526,140300,7893510,1740408,202098,12634533,1081335,2927625,16310065
451,07/17/2021,2742062,20896194,10824403,9937779,23443690,20858859,140499,7900833,1743288,202376,12660004,1082292,2933237,16321815
452,07/18/2021,2748221,20911880,10828494,9939007,23456611,20873067,140605,7904725,1744438,202505,12671514,1082793,2936067,16327716
453,07/19/2021,2765704,20949824,10839880,9943330,23492021,20908691,140900,7913358,1748300,202913,12700114,1083966,2944381,16344139
454,07/20/2021,2785100,20993223,10852884,9948485,23532241,20949292,141231,7922142,1752888,203354,12734307,1085322,2952794,16363418
455,07/21/2021,2803731,21035759,10865669,9953677,23571478,20989067,141546,7930476,1757604,203782,12767432,1086585,2961339,16382119
456,07/22/2021,2822088,21078499,10878494,9959026,23610992,21028697,141875,7938642,1762515,204201,12800370,1087866,2970023,16400956
457,07/23/2021,2843762,21128845,10894305,9964905,23657901,21075350,142311,7948957,1768033,204684,12839346,1089335,2980511,16422791
458,07/24/2021,2855993,21160565,10904353,9968004,23685156,21105123,142521,7955476,1771213,204969,12864260,1090271,2986382,16435573
459,07/25/2021,2861384,21175809,10908525,9969288,23697337,21119013,142640,7958485,1772551,205099,12875317,1090779,2988944,16441959
460,07/26/2021,2877287,21216424,10920518,9973933,23733119,21156268,142964,7966532,1776917,205446,12904031,1092021,2997782,16459839
461,07/27/2021,2897558,21263371,10934255,9979633,23776111,21199816,143334,7974958,1782422,205930,12940658,1093401,3007332,16480277
462,07/28/2021,2917185,21310843,10947687,9985263,23818994,21242949,143685,7983186,1787865,206387,12977245,1094782,3016796,16500429
463,07/29/2021,2936670,21356294,10960587,9990888,23861192,21284089,144023,7991103,1793125,206825,13012381,1096066,3026091,16520174
464,07/30/2021,2959540,21410111,10976837,9996881,23910777,21333270,144460,8000571,1799109,207321,13054270,1097546,3036853,16543887
465,07/31/2021,2973969,21444077,10986652,9999992,23939890,21365401,144673,8006667,1802613,207658,13081845,1098496,3043346,16557403
466,08/01/2021,2980787,21462164,10991420,10001655,23954899,21381712,144803,8010291,1804221,207812,13095077,1099061,3046454,16564945
467,08/02/2021,3000495,21506778,11003847,10006554,23995348,21422801,145169,8018545,1809248,208277,13128167,1100397,3055982,16584410
468,08/03/2021,3022983,21556572,11017604,10012184,24040461,21469237,145575,8026769,1815260,208769,13167244,1101867,3065898,16606093
469,08/04/2021,3043841,21603965,11030462,10017617,24083269,21512827,145922,8034418,1820952,209216,13203867,1103287,3075818,16626527
470,08/05/2021,3065127,21651887,11043691,10023171,24127592,21556340,146285,8042512,1826727,209686,13240772,1104652,3085563,16647729
471,08/06/2021,3091336,21709508,11060664,10029279,24181708,21608944,146763,8052616,1833320,210191,13285626,1106302,3097575,16673576
472,08/07/2021,3107957,21745043,11070777,10032363,24213151,21642785,146977,8058864,1836868,210526,13315728,1107314,3104339,16687828
473,08/08/2021,3116167,21765598,11076157,10034040,24230000,21661743,147103,8062718,1838708,210697,13331489,1107949,3107988,16696289
474,08/09/2021,3138328,21814314,11089603,10039220,24274443,21706643,147463,8071150,1844324,211155,13368462,1109351,3118979,16717561
475,08/10/2021,3160964,21865034,11103441,10044919,24320449,21753386,147877,8079178,1850339,211639,13408145,1110753,3129570,16739446
476,08/11/2021,3180536,21912415,11116733,10050131,24363193,21795956,148199,8086373,1855941,212083,13444593,1112050,3139095,16759751
477,08/12/2021,3199859,21963436,11131016,10055979,24409206,21840251,148593,8093859,1861889,212594,13482354,1113425,3149740,16781811
478,08/13/2021,3226693,22025328,11148906,10062755,24466816,21895815,149088,8103655,1868900,213178,13530117,1115179,3162680,16809680
479,08/14/2021,3244894,22063709,11160770,10068205,24502475,21933953,149320,8110350,1872854,213572,13562420,1116375,3170815,16827924
480,08/15/2021,3253323,22086397,11167211,10071809,24521997,21955522,149482,8114370,1874970,213787,13579391,1117219,3174829,16839447
481,08/16/2021,3270871,22140778,11183360,10082323,24570955,22005019,149898,8122950,1880848,214295,13616877,1118887,3186724,16867408
482,08/17/2021,3289863,22197211,11200268,10093849,24622827,22056831,150346,8131424,1887394,214859,13658099,1120676,3198244,16896412
483,08/18/2021,3307954,22253309,11217085,10106487,24675015,22108089,150787,8139769,1893966,215429,13699205,1122471,3209443,16925690
484,08/19/2021,3325029,22309275,11234027,10119769,24727754,22158443,151198,8148098,1900502,215960,13739210,1124269,3220502,16955767
485,08/20/2021,3351163,22375362,11255484,10134829,24794507,22220263,151702,8159252,1907941,216568,13789495,1126363,3234002,16993502
486,08/21/2021,3369932,22413626,11267710,10142662,24832171,22259616,151967,8166242,1911959,216940,13821869,1127699,3242035,17014321
487,08/22/2021,3378036,22437325,11274328,10147038,24852747,22281798,152116,8170364,1914041,217155,13839394,1128530,3246265,17026430
488,08/23/2021,3395760,22495793,11292042,10160702,24906969,22335014,152548,8179846,1920878,217711,13879379,1130287,3258736,17058230
489,08/24/2021,3414332,22554149,11309541,10174567,24961612,22388504,153006,8188705,1928059,218245,13921267,1132115,3270506,17089708
490,08/25/2021,3432703,22610279,11326060,10187862,25014376,22439879,153413,8196950,1934666,218807,13962090,1133883,3281854,17119699
491,08/26/2021,3450442,22667290,11343134,10201877,25068740,22491165,153880,8205308,1941775,219337,14002518,1135638,3293221,17150585
492,08/27/2021,3477212,22734503,11364185,10217188,25136203,22553828,154470,8216480,1949388,219995,14053186,1137846,3307497,17188278
493,08/28/2021,3496873,22773769,11376147,10225193,25174911,22593925,154714,8223450,1953530,220395,14086688,1139172,3315825,17209190
494,08/29/2021,3505255,22797388,11382726,10229869,25195668,22616380,154875,8227522,1955704,220638,14104193,1139993,3320207,17221606
495,08/30/2021,3522217,22853047,11399528,10243774,25247471,22667758,155326,8236140,1962407,221202,14143473,1141796,3331604,17251904
496,08/31/2021,3538994,22907548,11416119,10258496,25299109,22718545,155801,8244429,1969241,221700,14182682,1143524,3342739,17281886
497,09/01/2021,3554878,22960691,11432388,10273384,25350001,22767652,156247,8252450,1975886,222215,14220543,1145270,3353428,17311440
498,09/02/2021,3569415,23011815,11448022,10288089,25399535,22813958,156659,8260298,1982118,222720,14256248,1146885,3363805,17340226
499,09/03/2021,3593692,23072932,11467369,10303553,25462443,22871041,157215,8271166,1989135,223285,14302294,1148913,3376644,17375263
500,09/04/2021,3609383,23105704,11477412,10310169,25494540,22903985,157434,8277553,1992555,223649,14329480,1150059,3383637,17392018
501,09/05/2021,3616723,23127058,11483384,10314205,25513397,22923783,157579,8281358,1994382,223853,14345375,1150814,3387596,17402826
502,09/06/2021,3619894,23138488,11486546,10316327,25523044,22933993,157641,8282856,1995415,223983,14354034,1151074,3389600,17407932
503,09/07/2021,3635047,23194879,11502737,10329168,25574701,22982752,158048,8291487,2002192,224621,14392709,1152720,3400649,17436290
504,09/08/2021,3648418,23245752,11517095,10341305,25621401,23026631,158420,8298827,2008424,225175,14427770,1154193,3410949,17461856
505,09/09/2021,3660790,23296478,11531648,10353826,25668418,23069638,158856,8306041,2014483,225659,14462057,1155645,3420937,17487820
506,09/10/2021,3680855,23356217,11549115,10366397,25726530,23121186,159301,8315208,2021195,226149,14504851,1157426,3433180,17519057
507,09/11/2021,3695816,23390154,11558797,10372087,25758121,23153799,159518,8320858,2024705,226488,14532364,1158551,3440473,17535057
508,09/12/2021,3702144,23411098,11564156,10375417,25775407,23172417,159651,8324043,2026634,226689,14547391,1159180,3444406,17544642
509,09/13/2021,3713726,23461267,11578016,10385675,25819275,23214305,159990,8330939,2032498,227154,14580184,1160584,3454433,17569152
510,09/14/2021,3724531,23509415,11590979,10395710,25861258,23254165,160340,8337408,2038244,227614,14611916,1161889,3463664,17592179
511,09/15/2021,3735977,23556694,11603675,10405476,25902878,23293575,160690,8343523,2043927,228070,14643348,1163179,3473018,17614812
512,09/16/2021,3747405,23605679,11616810,10415897,25946806,23333506,161063,8349961,2049788,228521,14676109,1164474,3482557,17638230
513,09/17/2021,3764298,23659739,11632230,10427259,25998438,23379437,161507,8358036,2055855,229020,14714340,1166007,3493000,17666320
514,09/18/2021,3776368,23690770,11640834,10433305,26027048,23408519,161689,8363155,2059102,229334,14738336,1166882,3499481,17681582
515,09/19/2021,3781719,23710056,11645639,10437116,26043218,23425539,161809,8366149,2060798,229521,14751882,1167466,3502966,17691023
516,09/20/2021,3791851,23756106,11658202,10449807,26084607,23465484,162145,8372735,2066114,229972,14782515,1168836,3512272,17715225
517,09/21/2021,3801485,23798303,11669927,10461657,26123333,23502055,162495,8378522,2071155,230385,14811630,1170057,3520789,17737017
518,09/22/2021,3810998,23839608,11681182,10472701,26160419,23537956,162776,8383988,2076194,230784,14840113,1171216,3528876,17757831
519,09/23/2021,3819562,23879047,11692651,10486258,26198487,23572812,163151,8390016,2081293,231186,14867079,1172509,3536509,17779855
520,09/24/2021,3834312,23928414,11708925,10515749,26255970,23625095,163526,8400943,2087381,231699,14902960,1174731,3547060,17819164
521,09/25/2021,3843928,23956727,11719519,10539123,26292781,23660117,163753,8409237,2090848,231990,14925446,1176451,3553166,17845948
522,09/26/2021,3848060,23973684,11725388,10552429,26313450,23679669,163883,8414345,2092476,232190,14937522,1177442,3555964,17861993
523,09/27/2021,3854736,24016251,11741856,10606936,26376389,23736881,164233,8430053,2098432,232718,14966506,1180537,3565079,17915181
524,09/28/2021,3863113,24066460,11760889,10660481,26445862,23798456,164637,8446780,2105688,233422,15000424,1183676,3575528,17969927
525,09/29/2021,3871257,24118493,11780518,10711808,26516486,23858829,165080,8464079,2113359,234094,15034804,1186946,3586028,18022781
526,09/30/2021,3879575,24172013,11801294,10762879,26589694,23919183,165570,8482114,2121257,234815,15070085,1190116,3596366,18076479
527,10/01/2021,3892199,24232406,11826933,10813227,26672747,23984958,166048,8503691,2128747,235556,15109321,1193769,3608161,18135678
528,10/02/2021,3901227,24261522,11838697,10832208,26709198,24017334,166297,8513446,2132161,235921,15130980,1195390,3614260,18159118
529,10/03/2021,3905738,24279613,11845209,10841976,26729282,24036102,166425,8518816,2133974,236117,15143704,1196297,3617409,18172574
530,10/04/2021,3913992,24323337,11862891,10884731,26789385,24088340,166769,8534638,2140336,236707,15172740,1198949,3626637,18217585
531,10/05/2021,3921529,24367659,11880860,10927813,26849933,24140611,167175,8550267,2146851,237297,15202637,1201641,3635407,18262552
532,10/06/2021,3929050,24411792,11899311,10968475,26909457,24191679,167518,8565208,2153174,237870,15232190,1204160,3644582,18305969
533,10/07/2021,3936352,24459325,11920381,11011465,26974094,24245703,167932,8581697,2159886,238484,15263358,1207002,3654016,18353006
534,10/08/2021,3948346,24520496,11948849,11054711,27054903,24309587,168441,8602656,2167250,239142,15303836,1210464,3665859,18407550
535,10/09/2021,3956136,24549561,11961670,11071113,27089914,24340606,168635,8612083,2170440,239454,15325715,1211902,3671663,18429067
536,10/10/2021,3959841,24567206,11968477,11079094,27108848,24357794,168736,8617123,2172105,239637,15337954,1212773,3674594,18441110
537,10/11/2021,3967096,24612057,11988554,11115264,27166618,24408312,169096,8632185,2178077,240182,15367441,1215382,3684045,18482743
538,10/12/2021,3973603,24655375,12008521,11152945,27224111,24458199,169438,8647008,2184496,240732,15397083,1217950,3692941,18523529
539,10/13/2021,3980183,24697496,12027672,11186426,27278515,24505012,169795,8660876,2190592,241212,15425427,1220311,3701572,18561280
540,10/14/2021,3986494,24739353,12047698,11220564,27334112,24551633,170186,8674643,2196584,241751,15453930,1222703,3709983,18600080
541,10/15/2021,3997028,24793762,12074653,11256863,27405664,24608142,170595,8694090,2203517,242449,15490190,1225846,3720438,18646794
542,10/16/2021,4003464,24820160,12087428,11270988,27436964,24636500,170761,8703525,2206582,242711,15509280,1227220,3725611,18665662
543,10/17/2021,4006263,24835701,12093912,11277153,27452730,24651702,170859,8708190,2208047,242866,15519727,1228015,3728077,18675719
544,10/18/2021,4012973,24878455,12114183,11308745,27506267,24699418,171168,8722550,2214141,243414,15548463,1230285,3736475,18713123
545,10/19/2021,4019189,24916844,12133642,11341880,27558725,24744066,171520,8735851,2219758,243892,15575505,1232592,3744660,18749779
546,10/20/2021,4025066,24955029,12152711,11373365,27609339,24787950,171823,8748716,2225335,244409,15602064,1234796,3752646,18785079
547,10/21/2021,4030954,24994605,12173265,11405752,27662238,24833356,172154,8761989,2231150,244928,15629777,1237154,3760827,18821879
548,10/22/2021,4039850,25052136,12209114,11468681,27751651,24908953,172646,8788871,2238835,245594,15668396,1241645,3772297,18892058
549,10/23/2021,4046042,25083325,12230456,11504083,27801489,24953169,172894,8805218,2242921,245964,15691434,1244265,3778798,18930359
550,10/24/2021,4048791,25100462,12241460,11521404,27826479,24976362,173037,8813537,2244617,246162,15703315,1245636,3781824,18950665
551,10/25/2021,4054862,25152188,12276483,11594227,27912234,25056146,173589,8840416,2251847,246803,15738978,1250106,3791682,19026018
552,10/26/2021,4060648,25203669,12313938,11682830,28009277,25142296,174134,8870104,2260445,247496,15778019,1255007,3802926,19109107
553,10/27/2021,4066744,25257540,12352210,11770078,28108927,25227952,174695,8901382,2269124,248256,15817339,1260010,3814336,19191651
554,10/28/2021,4072566,25311515,12391890,11855953,28209146,25312897,175376,8931583,2278094,248984,15857244,1265064,3825631,19274556
555,10/29/2021,4081014,25383060,12446110,11944252,28332364,25411980,176123,8972411,2287729,249877,15906878,1271199,3838530,19369745
556,10/30/2021,4086340,25418291,12473891,11980695,28388899,25460145,176408,8994406,2292031,250296,15932212,1274135,3844857,19409589
557,10/31/2021,4088536,25437139,12487273,11997868,28416074,25484548,176556,9005038,2293974,250518,15944802,1275703,3847472,19430051
558,11/01/2021,4095020,25495615,12528444,12074131,28513495,25569414,177121,9036966,2302235,251206,15984521,1280504,3858449,19509790
559,11/02/2021,4100967,25556111,12571193,12158271,28617289,25658804,177763,9070962,2311329,251996,16026554,1285767,3869822,19594384
560,11/03/2021,4111047,25617132,12614095,12237703,28721468,25747881,178471,9105370,2320399,252838,16069350,1290884,3881279,19676919
561,11/04/2021,4126846,25682171,12658595,12314391,28830094,25841057,179213,9139350,2329675,253668,16115543,1296204,3893531,19763353
562,11/05/2021,4153995,25770136,12716858,12389457,28969234,25950183,179991,9185779,2339779,254691,16174883,1302884,3908837,19863621
563,11/06/2021,4185128,25812514,12744584,12418615,29039410,26010304,180307,9213155,2344208,255212,16205893,1306879,3917689,19911950
564,11/07/2021,4201694,25836491,12758475,12433121,29075883,26042728,180476,9227995,2346283,255514,16222592,1309032,3921398,19938342
565,11/08/2021,4239075,25898924,12798986,12496593,29183747,26138571,181127,9264424,2355158,256437,16269681,1314747,3935056,20021556
566,11/09/2021,4280688,25965663,12843896,12565249,29300354,26243701,181989,9303086,2365017,257343,16323535,1320889,3949415,20110825
567,11/10/2021,4330918,26035355,12889619,12630956,29424592,26350644,182837,9345882,2375356,258283,16379360,1327329,3964486,20201172
568,11/11/2021,4383867,26102350,12934649,12688911,29544954,26453053,183468,9388777,2384430,259263,16430782,1333638,3979903,20289091
569,11/12/2021,4436513,26189785,12995465,12753230,29690113,26572846,184289,9440075,2395242,260421,16496761,1340879,3997881,20388888
570,11/13/2021,4482683,26237828,13027582,12779031,29770381,26644573,184725,9472925,2400239,261002,16535269,1345103,4008978,20441882
571,11/14/2021,4498823,26264771,13044353,12792035,29808497,26679258,184909,9489293,2402376,261270,16553450,1347299,4012791,20468979
572,11/15/2021,4529888,26334960,13095583,12850258,29919859,26778456,185544,9527437,2411230,262137,16605058,1353045,4026747,20552335
573,11/16/2021,4562515,26413016,13152405,12913685,30041726,26887365,186337,9569222,2421139,263021,16662177,1359162,4040995,20644041
574,11/17/2021,4599644,26494223,13209471,12974752,30165731,26999626,187168,9612629,2431378,263991,16720586,1365392,4055973,20736786
575,11/18/2021,4632374,26578665,13267711,13032582,30289194,27109161,188035,9654407,2441103,264899,16779103,1371420,4070420,20828427
576,11/19/2021,4675618,26683610,13339739,13088519,30439315,27234929,188920,9707670,2451433,265973,16849710,1378869,4087977,20932844
577,11/20/2021,4711154,26744630,13380277,13111924,30523873,27310754,189380,9743899,2456587,266602,16891644,1383230,4099084,20986913
578,11/21/2021,4722954,26777635,13399772,13123581,30563743,27346802,189552,9761191,2458779,266888,16911405,1385429,4102942,21014624
579,11/22/2021,4756969,26869786,13461037,13173777,30688385,27459625,190215,9807956,2468307,267840,16968955,1391856,4118740,21106252
580,11/23/2021,4792769,26968901,13523618,13225625,30817074,27580063,191020,9857835,2479049,268907,17030912,1398464,4135065,21199070
581,11/24/2021,4824878,27057066,13575081,13262993,30923306,27682780,191627,9906440,2488057,269766,17084804,1404130,4148650,21268202
582,11/25/2021,4825372,27059503,13576373,13263963,30925761,27685518,191643,9907573,2488353,269784,17086200,1404313,4148991,21269781
583,11/26/2021,4849621,27124130,13618502,13288293,31008510,27758040,192048,9941996,2494425,270412,17121829,1408893,4159979,21326914
584,11/27/2021,4876212,27170333,13647033,13303300,31069656,27813149,192341,9969131,2498386,270861,17149554,1412380,4167780,21367846
585,11/28/2021,4890939,27197462,13662755,13311424,31104041,27844439,192488,9983231,2500180,271107,17165935,1414523,4171269,21392680
586,11/29/2021,4935323,27275351,13716194,13354022,31218218,27948406,193203,10022575,2509347,271940,17219356,1420435,4187523,21476236
587,11/30/2021,4985023,27365867,13778455,13403728,31349302,28069272,194091,10066703,2520354,272947,17285110,1427178,4205731,21569942
588,12/01/2021,5042504,27470413,13845735,13454891,31494128,28204658,194973,10118822,2532190,274093,17357217,1434737,4224497,21674342
589,12/02/2021,5096378,27582419,13916218,13505039,31641801,28343189,195953,10172136,2544208,275309,17431974,1442272,4244122,21779810
590,12/03/2021,5166094,27711637,13995926,13552201,31814735,28495615,196986,10238089,2556345,276556,17520447,1450874,4266851,21891421
591,12/04/2021,5225999,27781323,14035873,13570503,31911870,28586078,197459,10280911,2562001,277215,17571958,1455844,4280768,21949265
592,12/05/2021,5248073,27816794,14055113,13579097,31955329,28627963,197661,10301020,2564542,277549,17594947,1458319,4285566,21977015
593,12/06/2021,5288791,27919779,14117009,13620289,32083594,28746319,198377,10349270,2574556,278587,17660885,1464768,4302235,22065317
594,12/07/2021,5333396,28031870,14182453,13663864,32220539,28874864,199290,10400131,2585449,279657,17734334,1471617,4320250,22158943
595,12/08/2021,5383715,28143349,14245414,13705979,32358037,29003938,200148,10452950,2596943,280735,17806797,1478310,4338477,22251170
596,12/09/2021,5428156,28255972,14307540,13744953,32490657,29129195,200977,10503417,2607880,281818,17874556,1484869,4356441,22343160
597,12/10/2021,5485674,28379558,14376281,13782550,32643457,29263527,201943,10563830,2619097,282959,17951790,1492443,4376715,22440377
598,12/11/2021,5532641,28448530,14411059,13797462,32728623,29343783,202361,10603621,2624363,283550,17997630,1496917,4389042,22488874
599,12/12/2021,5547070,28483850,14427368,13804579,32765880,29379609,202562,10621868,2626488,283839,18016907,1499065,4393563,22512361
600,12/13/2021,5582934,28584873,14480102,13836016,32879674,29486671,203193,10667060,2635434,284830,18073592,1505032,4408886,22591381
601,12/14/2021,5620638,28691686,14535480,13867809,32996167,29601631,203934,10714878,2644728,285812,18134118,1511035,4424709,22673281
602,12/15/2021,5658606,28801115,14591352,13902597,33117436,29718128,204727,10764307,2654952,286866,18196063,1517265,4441047,22756288
603,12/16/2021,5686112,28912932,14649123,13938019,33236833,29830912,205483,10812645,2664723,287802,18253985,1523533,4456359,22841396
604,12/17/2021,5730405,29035244,14713264,13972702,33375937,29956840,206306,10869811,2675358,288876,18322370,1530757,4474758,22933006
605,12/18/2021,5761320,29103237,14747152,13986808,33451259,30028169,206681,10905113,2680278,289517,18361361,1534754,4485016,22978500
606,12/19/2021,5772331,29142913,14763893,13993784,33489631,30064121,206853,10922824,2682558,289802,18381454,1536893,4488964,23003267
607,12/20/2021,5813769,29263373,14820437,14026097,33618757,30185552,207610,10973900,2693134,290861,18445192,1543858,4506993,23092729
608,12/21/2021,5855995,29392996,14881443,14062521,33756384,30316911,208513,11025646,2704996,292041,18516642,1551284,4525836,23188511
609,12/22/2021,5898922,29520994,14938805,14094936,33888284,30445304,209328,11077733,2717176,293088,18586283,1558551,4544310,23278070
610,12/23/2021,5934130,29632472,14989221,14119267,33997863,30556891,209980,11128540,2727934,294059,18642273,1564952,4560211,23349975
611,12/24/2021,5940743,29656103,15000619,14124254,34020487,30580848,210126,11142252,2730019,294258,18652779,1566314,4563936,23362563
612,12/25/2021,5940864,29656623,15000819,14124387,34020976,30581332,210126,11142447,2730063,294261,18653053,1566344,4564025,23362837
613,12/26/2021,5950510,29686460,15013527,14129303,34051030,30608353,210255,11155863,2731918,294482,18670488,1568027,4567201,23379566
614,12/27/2021,5988274,29793475,15061586,14152344,34165859,30709225,210835,11201112,2741272,295428,18732512,1573954,4584245,23445966
615,12/28/2021,6032046,29914076,15115344,14180674,34296449,30824832,211557,11249632,2752430,296537,18807928,1580653,4602632,23521221
616,12/29/2021,6075830,30037873,15168143,14206478,34426059,30941093,212261,11298152,2763671,297727,18883602,1587146,4621148,23595613
617,12/30/2021,6117125,30151092,15219463,14229856,34547211,31048884,213051,11343788,2774544,298894,18952790,1593468,4638145,23665150
618,12/31/2021,6129925,30189183,15238379,14238028,34588269,31085764,213288,11362031,2777741,299266,18974565,1595687,4643763,23688264
619,01/01/2022,6131494,30193356,15240391,14238966,34592715,31090006,213307,11363710,2778061,299306,18977550,1595892,4644525,23690189
620,01/02/2022,6141527,30222304,15251729,14243498,34621620,31115915,213449,11375740,2779928,299560,18995484,1597424,4647422,23706133
621,01/03/2022,6178501,30324152,15295334,14265933,34729943,31212258,214039,11414767,2789642,300642,19059513,1602819,4663054,23767443
622,01/04/2022,6217819,30433991,15342396,14291517,34847550,31316205,214710,11455357,2800135,301764,19132041,1608464,4679333,23833605
623,01/05/2022,6259008,30546758,15389064,14316957,34967749,31421790,215428,11496508,2810849,302881,19207270,1614409,4696044,23899439
624,01/06/2022,6310063,30660647,15435782,14341381,35094170,31531203,216110,11539316,2821606,304033,19284216,1620614,4714044,23969708
625,01/07/2022,6376036,30791418,15490254,14364360,35244279,31654837,217049,11592320,2832529,305332,19374447,1627940,4735388,24047259
626,01/08/2022,6425688,30856931,15518001,14374046,35323801,31727679,217434,11625153,2837448,306051,19429341,1632372,4746415,24084180
627,01/09/2022,6441434,30888315,15530173,14378977,35357274,31758387,217593,11639419,2839564,306371,19451955,1634265,4750008,24100764
628,01/10/2022,6482032,30982090,15568285,14399501,35458900,31849565,218186,11675715,2848228,307402,19515812,1639383,4765028,24155516
629,01/11/2022,6527329,31079615,15608020,14421695,35566671,31946258,218809,11712988,2857942,308498,19584694,1644646,4780566,24213916
630,01/12/2022,6574658,31174853,15645757,14442698,35672597,32041337,219451,11749425,2867506,309554,19653096,1649798,4795787,24271102
631,01/13/2022,6618396,31269120,15682489,14462409,35775653,32132407,220189,11784324,2877037,310612,19719104,1654811,4810973,24325591
632,01/14/2022,6673486,31379455,15725954,14480856,35900311,32234667,220928,11829095,2886164,311814,19797945,1660945,4827612,24386087
633,01/15/2022,6710715,31432496,15746850,14488113,35962127,32291058,221255,11854461,2890196,312355,19841350,1664256,4836624,24413260
634,01/16/2022,6725363,31460161,15756636,14491857,35991054,32317927,221406,11866482,2892114,312647,19862577,1665944,4839415,24426409
635,01/17/2022,6763759,31524735,15781663,14505013,36065638,32384358,221829,11893544,2898670,313438,19909873,1670011,4850729,24464956
636,01/18/2022,6800209,31605324,15812360,14522534,36152923,32462114,222370,11921392,2907054,314436,19969011,1674304,4863310,24510144
637,01/19/2022,6838826,31683232,15842211,14539594,36239293,32538908,222913,11948683,2915575,315434,20028321,1678506,4875669,24553783
638,01/20/2022,6874843,31758929,15871182,14555461,36323257,32611304,223555,11974927,2924054,316352,20084806,1682548,4887597,24595758
639,01/21/2022,6920324,31849690,15905245,14570478,36424742,32694810,224209,12008562,2932386,317447,20152886,1687546,4902045,24642970
640,01/22/2022,6949663,31894012,15922286,14576986,36475464,32741132,224450,12027644,2936242,317948,20190900,1690197,4908981,24664458
641,01/23/2022,6961137,31917032,15930059,14580102,36498716,32763237,224551,12036259,2938042,318196,20209088,1691445,4911449,24675299
642,01/24/2022,6989897,31984131,15955230,14594452,36570433,32826764,224976,12058280,2945677,319035,20258868,1694939,4921912,24711061
643,01/25/2022,7020664,32050454,15979939,14608980,36643012,32890272,225440,12079049,2953464,319768,20310506,1698400,4932818,24746402
644,01/26/2022,7053510,32116515,16003250,14622251,36715365,32953217,225947,12099173,2961354,320590,20362621,1701868,4943511,24780709
645,01/27/2022,7085184,32184288,16026418,14634855,36788373,33015210,226461,12118710,2969089,321449,20415179,1705221,4954451,24814903
646,01/28/2022,7132254,32266857,16054713,14647154,36881980,33091561,227090,12146904,2977265,322451,20481104,1709563,4968355,24856306
647,01/29/2022,7163879,32307273,16068887,14652308,36929525,33135247,227360,12162585,2981068,322903,20519911,1711933,4975596,24875279
648,01/30/2022,7173753,32327620,16074741,14654679,36949318,33153868,227462,12169089,2982755,323117,20536582,1712981,4977775,24883962
649,01/31/2022,7198071,32385730,16094107,14664655,37008738,33206118,227826,12183622,2989607,323819,20580909,1715659,4987015,24912831
650,02/01/2022,7221717,32435846,16111609,14675228,37062414,33254137,228189,12195130,2996026,324426,20622339,1718082,4995718,24939110
651,02/02/2022,7248053,32482928,16128049,14684895,37114384,33301593,228509,12207667,3002025,324966,20663611,1720412,5003677,24963299
652,02/03/2022,7272373,32529673,16144115,14694107,37164971,33347240,228923,12219896,3007550,325528,20703573,1722516,5011582,24986736
653,02/04/2022,7311634,32587697,16164598,14703745,37233184,33406263,229345,12238925,3013597,326231,20756750,1725536,5022346,25015739
654,02/05/2022,7336425,32618021,16175148,14707728,37268699,33440325,229528,12249996,3016485,326611,20787712,1727183,5027902,25029681
655,02/06/2022,7344683,32634136,16179833,14709704,37284417,33455612,229619,12254848,3017879,326799,20802064,1727956,5029418,25036384
656,02/07/2022,7363895,32674067,16193617,14717877,37326740,33494290,229880,12265182,3022550,327259,20836458,1729790,5035996,25055441
657,02/08/2022,7383300,32711492,16206989,14726182,37367803,33531630,230178,12274844,3027292,327715,20870471,1731414,5042177,25073611
658,02/09/2022,7404950,32748379,16219701,14734153,37409099,33569466,230459,12284952,3032112,328190,20904408,1733233,5048404,25091643
659,02/10/2022,7424616,32784711,16231900,14741570,37448940,33605119,230777,12294499,3036522,328609,20936447,1734971,5054424,25109226
660,02/11/2022,7455679,32829497,16247268,14749522,37501961,33651113,231149,12309395,3041413,329144,20978794,1737243,5062483,25130774
661,02/12/2022,7474105,32852399,16255076,14752762,37528464,33676920,231304,12317815,3043687,329467,21002302,1738450,5066520,25140880
662,02/13/2022,7479445,32862675,16258188,14754089,37538549,33686871,231362,12321230,3044520,329577,21011546,1738984,5067571,25144941
663,02/14/2022,7492526,32887342,16266987,14759717,37565179,33712383,231527,12328092,3047729,329861,21033088,1740069,5071819,25157337
664,02/15/2022,7507117,32916423,16276589,14765814,37596191,33740669,231747,12334824,3051403,330237,21058247,1741422,5076667,25171601
665,02/16/2022,7523298,32945667,16286435,14772199,37628389,33770045,231977,12341961,3055520,330612,21084683,1742821,5081538,25185735
666,02/17/2022,7539499,32975737,16296427,14778514,37661940,33798990,232221,12349207,3059464,330968,21111389,1744216,5086547,25200389
667,02/18/2022,7566605,33014888,16309630,14785334,37708801,33838298,232521,12361156,3064119,331475,21148851,1746156,5093669,25219031
668,02/19/2022,7582238,33035464,16316358,14788219,37732587,33860296,232660,12368179,3066275,331716,21169776,1747214,5097219,25227832
669,02/20/2022,7588127,33046984,16319558,14789640,37743883,33871020,232750,12371541,3067289,331853,21179714,1747763,5098323,25232585
670,02/21/2022,7598647,33068438,16326361,14793719,37766489,33891228,232912,12376969,3069887,332101,21197408,1748756,5101958,25242818
671,02/22/2022,7612515,33095958,16335423,14799135,37796254,33917263,233155,12383759,3073415,332427,21220878,1749938,5106622,25255898
672,02/23/2022,7626431,33123410,16343778,14804452,37825672,33942827,233362,12390072,3077209,332759,21244416,1751140,5111043,25268597
673,02/24/2022,7639413,33151735,16352794,14809694,37856407,33967575,233623,12396163,3080932,333064,21268203,1752289,5115577,25281536
674,02/25/2022,7659782,33189777,16364338,14815424,37899018,34000530,233903,12405896,3085271,333487,21301340,1754002,5121900,25297899
675,02/26/2022,7671803,33209512,16370391,14817849,37920309,34019433,234017,12411269,3087340,333716,21320054,1754883,5124851,25306034
676,02/27/2022,7675934,33221732,16373176,14818973,37931021,34028976,234068,12413939,3088405,333823,21329547,1755391,5125851,25310436
677,02/28/2022,7686094,33256641,16382510,14823693,37965067,34054008,234287,12420470,3092804,334200,21354299,1756732,5130814,25324433
678,03/01/2022,7695854,33283946,16390614,14828479,37993143,34075833,234487,12425681,3096642,334519,21375663,1757876,5134880,25335752
679,03/02/2022,7706892,33306511,16397306,14832696,38016875,34096552,234660,12430753,3099836,334762,21394966,1758841,5138333,25345522
680,03/03/2022,7716810,33326936,16403873,14837140,38039253,34115448,234827,12435448,3102690,334998,21412496,1759691,5141660,25355210
681,03/04/2022,7733632,33352760,16412437,14841757,38069372,34141114,235022,12442985,3105918,335303,21436604,1760942,5146156,25367429
682,03/05/2022,7743402,33366464,16416711,14843566,38084609,34155418,235115,12447406,3107436,335468,21450012,1761627,5148436,25373142
683,03/06/2022,7746632,33374090,16418595,14844464,38091482,34162179,235148,12449354,3108172,335556,21456376,1761959,5149030,25375849
684,03/07/2022,7754211,33392209,16424368,14848127,38110186,34178571,235278,12453480,3110622,335749,21470738,1762678,5151950,25384325
685,03/08/2022,7762097,33409461,16429733,14851746,38128578,34194260,235410,12457374,3112966,335950,21485215,1763456,5154660,25392233
686,03/09/2022,7771040,33427611,16435063,14855488,38147719,34211247,235537,12461294,3115516,336167,21500582,1764209,5157399,25400404
687,03/10/2022,7779458,33444808,16440251,14859073,38166242,34227077,235726,12465093,3117879,336344,21515166,1764940,5160065,25408276
688,03/11/2022,7792948,33464850,16446640,14862863,38189874,34247075,235899,12471151,3120558,336579,21533597,1765908,5163579,25417844
689,03/12/2022,7801439,33476675,16450285,14864458,38203125,34259355,235962,12474758,3121806,336713,21545692,1766450,5165418,25422734
690,03/13/2022,7804432,33483371,16451935,14865249,38209244,34265357,235990,12476485,3122422,336757,21551185,1766737,5165959,25425350
691,03/14/2022,7811247,33499201,16456947,14868536,38225813,34279686,236097,12480242,3124561,336944,21563966,1767450,5168446,25432757
692,03/15/2022,7818242,33514988,16462154,14872281,38242595,34294587,236240,12483852,3126781,337092,21577462,1768124,5170868,25440374
693,03/16/2022,7825689,33530342,16467308,14876238,38259321,34309733,236365,12487556,3129038,337248,21590776,1768801,5173358,25448089
694,03/17/2022,7832568,33545327,16472253,14880273,38275619,34324243,236509,12491220,3131250,337410,21603235,1769484,5175806,25455619
695,03/18/2022,7844870,33564129,16479147,14885172,38298793,34343897,236650,12496970,3133668,337615,21621337,1770459,5179074,25465723
696,03/19/2022,7852302,33574733,16482867,14887222,38310970,34355511,236706,12500218,3134792,337748,21632215,1770989,5180749,25470780
697,03/20/2022,7854915,33580704,16484640,14888335,38316836,34361104,236734,12501914,3135343,337796,21637341,1771238,5181274,25473478
698,03/21/2022,7861697,33595775,16489755,14892441,38333377,34375611,236862,12505694,3137309,337936,21649863,1771874,5183785,25481431
699,03/22/2022,7867887,33609467,16494568,14896506,38348634,34389066,236995,12509049,3139219,338074,21661389,1772493,5186168,25488775
700,03/23/2022,7874600,33623459,16499352,14900745,38364367,34403023,237100,12512524,3141293,338228,21673396,1773191,5188496,25496260
701,03/24/2022,7881114,33637024,16503951,14904696,38379631,34416346,237242,12515901,3143289,338375,21684928,1773764,5190598,25503580
702,03/25/2022,7891462,33653421,16509721,14908926,38399621,34433045,237402,12521101,3145481,338564,21700202,1774574,5193323,25512152
703,03/26/2022,7897217,33662001,16512712,14910842,38409522,34442372,237452,12524012,3146459,338657,21708518,1774996,5194719,25516344
704,03/27/2022,7899200,33667187,16514450,14911983,38414610,34447326,237474,12525549,3146902,338703,21712546,1775197,5195169,25518994
705,03/28/2022,7904559,33679606,16518727,14915633,38428077,34459519,237562,12528931,3148426,338838,21722290,1775780,5197184,25526061
706,03/29/2022,7909990,33691839,16524995,14922999,38444280,34474588,237679,12532707,3150313,338980,21732831,1776548,5199267,25536727
707,03/30/2022,7915956,33705136,16539623,14950308,38474825,34505189,237870,12540470,3153305,339183,21747188,1778601,5202257,25565583
708,03/31/2022,7921539,33717580,16556270,14988632,38512118,34540843,238034,12550145,3156852,339421,21762454,1781066,5205394,25602283
